,system,init,weight,type,2,3,4,5,6,7,8,9,10,11,12,13,14,15,16,17,18,exp
0,1,1.0001,0.0,2,1.000099754465899,1.000099754261711,1.0000994953099391,1.0000994947268078,1.0000992238454909,1.0000992229074492,1.0000989527356359,1.000098951488667,1.000098684133785,1.000098682609473,1.000098418312006,1.000098416531483,1.000098155198292,1.0000981531767759,1.000097894670832,1.0000978924201571,1.000097636616163,1
1,1,0.0,0.0,2,-4.382819109385611e-08,-6.385189815988691e-08,-1.9972775228453086e-07,-1.724421881015622e-07,-3.2173432889712715e-07,-2.856173963606407e-07,-4.3602493170072707e-07,-3.9768513795577186e-07,-5.470716468222032e-07,-5.081256574169556e-07,-6.559751804689415e-07,-6.169537248661669e-07,-7.630807670831045e-07,-7.242020485026188e-07,-8.685182838696036e-07,-8.298881840514141e-07,-9.72346758033437e-07,0
2,1,1.0001,0.0,4,0.999967978257392,0.9999679194186559,0.9999629945446792,0.9999629155084072,0.9999588779748272,0.999958808528012,0.9999606950246022,0.999960642505587,0.9999582707020039,0.999958226174038,0.999960212088917,0.99996017964634,0.9999581634591652,0.999958134860246,0.99995982582509,0.99995980541364,0.999958024409322,1
3,1,0.0,0.24995000749899998,4,0.07002479653356444,0.07004054883813969,0.100232699355671,0.10034521246142199,0.124198298522208,0.124291571465974,0.14408515014554002,0.14423205656805899,0.161358792660617,0.16148318983488502,0.17670317689125,0.17686570479844602,0.19065329640008305,0.19079571789824804,0.20344730492457005,0.20362026976760805,0.215349753355625,1
4,1,1.0001,0.25005000250000003,4,0.997564005043354,0.997560305187194,0.9952709855030359,0.995262031379866,0.992402802147272,0.9923881454165152,0.9898420591265292,0.9898231261790192,0.9870792958628132,0.987056071247784,0.9845278229525712,0.9845010206192332,0.981856919901362,0.9818264756369258,0.9793419380828312,0.97930828743302,0.976744656809038,0
5,1,0.0,0.9998000299959999,4,0.0,0.0,0.015579400701338269,0.015606687028878952,0.00900622055031614,0.009021503751381485,0.024029499661590303,0.02407295177443157,0.02181469928018201,0.02185102587699118,0.03274210273441601,0.03279731138955837,0.033327715056000934,0.033380526452987745,0.042044488922717116,0.04211106582933363,0.04397768776732101,1
6,1,1.0001,1.0,4,0.9903540082913732,0.9903393882953172,0.9812371927734912,0.981204142937777,0.969816615758492,0.969760451767886,0.9596746757212332,0.9596025190326579,0.9487229348150292,0.9486337019020792,0.9386732734493912,0.9385705797048179,0.9281395391492951,0.928022579635254,0.9182871090286752,0.9181581363618532,0.908096207280302,-1
7,1,1.0001,1.00020001,4,0.99035208540124,0.9903374624928072,0.9968227101659132,0.9968169567974999,0.9788158182461072,0.978774923504218,0.9837098152279652,0.983681121758542,0.9705326579594392,0.970479741118836,0.971418873296197,0.9713713953162112,0.961463895045358,0.9613997396222049,0.960333833541927,0.960271442394688,0.9520714383916452,0
8,1,0.0,2.249550067491001,4,0.0,0.0,0.0,0.0,0.0,0.0,0.0,0.0112116136594105,0.01595645462621246,-0.016314912273073922,-0.021681925077760608,0.03516980721970127,0.04454857375248655,-0.034096410077666464,-0.04182646935660763,0.05459561231466215,0.06522627094247845,1
9,1,1.0001,2.2504500225,4,0.9783322193310512,0.978299391335494,1.051501423896717,1.051600425171078,0.8499373130023491,0.849652695085758,1.123384564653553,1.1236357831549229,0.8089573380037209,0.8085605152462321,1.09168489681967,1.091946657444356,0.8244920963052701,0.824060734752862,1.0462039698349028,1.046457224430375,0.8348979488986009,0
10,1,0.0,3.999200119984002,4,0.0,0.0,0.0,0.0,0.0,0.0,0.0,0.0,0.0,0.0,0.0,0.0,0.0,0.0,0.033777365488651324,0.03430898535907925,-0.14554068143709,1
11,1,1.0001,4.0,4,0.961512098393318,0.961453794925297,1.0295720155991779,1.029662375362627,0.57687082567442,0.5760950189235371,1.600789696824524,1.601991565103051,-0.23456713946060698,-0.237161652242165,2.16135833112766,2.164944708637875,-0.7457039546753711,-0.7523021063493341,2.5486086884258263,2.5585300086223923,-1.4643148684133982,1
12,1,1.0001,4.00080004,4,0.9615044068327859,0.9614460917152572,1.237445885634465,1.237900325516885,-0.031348215743931214,-0.03329845258766506,3.120680081848538,3.124758412660023,-2.3052261316877454,-2.312413066618917,4.964537337123837,4.97599637001423,-3.685599042752759,-3.704634929887862,6.2475479026447545,6.277697025085084,-5.552852239295788,0
13,1,1.0001,9.0,4,0.9134422485632232,0.9133111393086,1.489668106265229,1.490759801321328,-4.997373065196844,-5.008596423736973,31.628481409238802,31.68638895446241,-103.95491750062729,-104.17638893236021,262.2996731107686,263.0844753442567,-567.7187776710538,-570.6448645491114,1292.635769499128,1303.2727603183212,-3354.962270945585,-1
14,5,1.05,0.0,2,1.024673419959058,1.0232417272122,1.0166656707085542,1.015743092679604,1.0126354754623559,1.012064918159328,1.010241616556142,1.009861209865639,1.008647424928365,1.0083761774386322,1.007503041562623,1.007299523196787,1.006637929811361,1.006479251557119,1.005958897273433,1.005831468715051,1.005410525049792,1
15,5,0.0,0.0,2,0.00044999401569967285,-0.001715059076481382,-0.002088009276213401,-0.002194198558976929,-0.0021840134173421047,-0.002123725635983814,-0.0020634729283074693,-0.0019856133563230798,-0.001919877783866625,-0.001847070131911016,-0.00178503868927378,-0.001720832428766514,-0.0016644519124050662,-0.0016085047748988922,-0.0015578150710779252,-0.0015090132671714274,-0.0014635214592876034,0
16,5,1.05,0.0,4,0.9938265295089712,0.9920057487784832,0.992552124442332,0.991682877655098,0.9917110328187272,0.991357952195956,0.9923247514435601,0.992184454128275,0.99245824269715,0.992409836959482,0.993041632730752,0.9930389686597292,0.9932774951025232,0.9932963723677192,0.9937410147365692,0.9937714857033771,0.9939671039022979,1
17,5,0.0,0.22675736961451198,4,0.880284902037045,0.8450650173285621,0.8975364688606361,0.9322757501857769,0.9545202292019029,0.9458118382715,0.9555790266973839,0.9674867932672372,0.9738472245847641,0.9695573536308372,0.9734051630478,0.9793144140603129,0.982196313157336,0.979609755629116,0.981614549057739,0.985138359831556,0.9867461933294129,1
18,5,1.05,0.275625,4,0.5300003675592561,0.475300788442668,0.43527883868456496,0.40762446017528997,0.31680914044061603,0.29731303638273304,0.28331257736424803,0.270934925970288,0.23278563527629906,0.22328168696596398,0.21513367335046504,0.20809583415282998,0.18650284367006897,0.18074343867831305,0.17523414888003205,0.17062432983024203,0.15654138067274098,0
19,5,0.0,0.907029478458049,4,0.0,0.0,1.378520813464804,1.4149755896311331,0.51534115289435,0.509399789940659,1.166844153313764,1.178615327488051,0.7581276745072609,0.7552945823495211,1.088200172756039,1.092882288683721,0.8527370338975131,0.851268316674557,1.0552242836064292,1.057425037844838,0.8994814537646751,1
20,5,1.05,1.0,4,-0.6889894775648261,-0.8826607739818461,-0.531487553518324,-0.535551268542592,-1.010959361445308,-1.047357852176175,-0.798866365043382,-0.798989212107435,-1.0411038048585142,-1.0519947786958521,-0.8910961513238008,-0.8906152140881911,-1.041944312965577,-1.046292868603598,-0.934221277709334,-0.9337073844537391,-1.0384624170496892,-1
21,5,1.05,1.1025,4,-0.8614781182898911,-1.07481409256478,1.137191368947293,1.1765143347809752,-0.77574062927315,-0.8272975122905911,0.5749145389235589,0.593717834473644,-0.473157059302274,-0.492473312060991,0.34011600858898405,0.34947469000594605,-0.32789300778793395,-0.336892764874463,0.227259091511495,0.23245843605003105,-0.245738996007888,0
22,5,0.0,2.040816326530612,4,0.0,0.0,0.0,0.0,0.0,0.0,0.0,3.4077977403813433,3.5608093178876095,-3.6734161801577963,-3.8613775597995432,6.816978484231269,7.085122427806803,-6.473694564676503,-6.75681085568929,9.37550083004981,9.697759844239686,1
23,5,1.05,2.480625,4,-3.18060892803847,-3.6583388942438595,10.2194868778386,10.861547882607482,-13.805808233522182,-14.297850443401463,16.43325424677807,17.02622433039093,-20.966612082812148,-21.71759470727467,28.508875096421484,29.468704398367986,-37.6104505814679,-38.7596462404156,48.28033095139404,49.61761636806864,-59.37159004794306,0
24,5,0.0,3.628117913832199,4,0.0,0.0,0.0,0.0,0.0,0.0,0.0,0.0,0.0,0.0,0.0,0.0,0.0,15.79301745771442,16.145802479544038,-54.48187105665207,-55.781496011059964,1
25,5,1.05,4.0,4,-5.737437498786223,-6.506660342262838,13.18457323347014,14.8948470684824,-29.469924652615767,-30.91558687153853,44.814383711436044,46.58285288846545,-68.6793230452585,-71.03007662376447,129.9894830628387,134.0766869167407,-256.0118665373122,-263.1141092934407,492.39418053952494,504.72899593648805,-883.8523847761537,1
26,5,1.05,4.41,4,-6.42739206168648,-7.275273616594569,39.5508273030386,42.068050738880345,-105.69430253251,-109.2664714925005,196.90703718139625,202.8720962390102,-436.0413511024428,-451.2933417956658,1106.455475431053,1144.4001804987108,-2636.515158955865,-2720.325013573198,5644.9989866955175,5811.544565120948,-11004.600467303291,0
27,5,1.05,9.0,4,-14.15151753415509,-15.879992956064461,99.7819514483033,110.14202668639959,-492.10686884013097,-516.1534614755149,1714.9821739909262,1766.89885156945,-5891.886972040914,-6067.809264406413,28022.47680785644,28878.465097440738,-141612.6904827576,-145638.1205583418,632787.322042679,649681.004678859,-2489024.4489119067,-1
28,10,1.25,0.0,2,1.056545414975246,1.035659349117053,1.024384185204122,1.019885543093346,1.015445085347315,1.0136795851785692,1.01131535655127,1.0104082805622778,1.008938001825844,1.008395499832171,1.0073913300553459,1.00703385386949,1.006303718513879,1.0060518638272908,1.005496655891035,1.00531033619484,1.004873693018789,1
29,10,0.0,0.0,2,0.01304291658119766,0.0024582708379965183,0.0006996351888638731,0.0004289235321293938,-0.00012673709229349409,-9.449347304724132e-05,-0.0003229066569071792,-0.00027548337596589034,-0.0003837677835637488,-0.0003435525745048018,-0.0003990218862393313,-0.0003665919718248423,-0.0003959732849976305,-0.0003697103399463997,-0.0003851475644846836,-0.0003635752702275397,-0.0003711391075289228,0
30,10,1.25,0.0,4,1.028947996115018,1.00387233549428,1.007812439000604,1.003188950364555,1.002219998460035,1.000678517481069,1.001418013673427,1.000720729829661,1.000266192405367,0.999892971967008,1.000250248888604,1.000027669638713,0.9997890363234052,0.999645742473586,0.999869473603149,0.99977219504129,0.9996301497886608,1
31,10,0.0,0.16,4,0.9106516271473579,0.9163486671907671,0.927623362259896,0.955624792747904,0.9607531963139672,0.9630975502005812,0.9655960540069359,0.9732396736637272,0.9749265605174252,0.9759478782972272,0.977072007047687,0.9805654118810412,0.9814260424996212,0.982007347130242,0.9826567160632992,0.9846550192156992,0.9851843133887672,1
32,10,1.25,0.390625,4,0.12825492452373,0.01813464202004833,0.185594976054232,0.16476570363882098,0.06241735775389115,0.05037687230316485,0.08249453167134839,0.07758431877317967,0.043145474083003885,0.03958883676219467,0.052241933317058335,0.05021899369385871,0.03312582933754472,0.03151633180128316,0.03819265596398009,0.03711614633739295,0.02691331193061827,0
33,10,0.0,0.64,4,0.0,1.267169324492599,1.3255605840567959,0.7739316965189771,0.7772134848176869,1.060329965385668,1.0700613170602449,0.910914582226844,0.9132571048428252,1.0205636547582728,1.024103805519971,0.950773976723884,0.952221863831589,1.0081816546770792,1.009983914073943,0.967828103578771,0.968789466739507,1
34,10,1.25,1.0,4,-1.276826267158679,-1.519616159799754,-0.6440841612567481,-0.656624559162025,-1.117317597519898,-1.1390216606803971,-0.8701641717477401,-0.8725409042526121,-1.055319757492286,-1.060334369147103,-0.933231451900783,-0.9341609320246372,-1.0308151345267929,-1.032679759389135,-0.9592390021582792,-0.9597212882314929,-1.0191556458273279,-1
35,10,0.0,1.44,4,0.0,0.0,0.0,0.0,2.17355057396701,2.2597874503001623,-0.6264164319129241,-0.6873393038267029,2.3361798781367527,2.403787981590583,-0.463167466194113,-0.508286995498198,2.185830662464507,2.229930639316683,-0.244875700057598,-0.275016276930169,2.0148075056048094,1
36,10,1.25,1.5625,4,-2.5738242902501334,-2.939078438402648,2.4609541498190057,2.640280327969011,-2.614119142035029,-2.7982519981444502,2.4854199458038218,2.641532309490748,-2.6194953997271293,-2.741867022691266,2.4175065681522327,2.519440210377708,-2.4142823808711342,-2.49391548911385,2.1860283576426984,2.2534897356854837,-2.137890802132613,0
37,10,0.0,2.56,4,0.0,0.0,0.0,0.0,0.0,0.0,0.0,0.0,0.0,5.646752564526273,5.7986273685452066,-10.19454930568796,-10.47248762262,18.9895797459692,19.43146130116078,-25.37302332054562,-25.93679342970639,1
38,10,1.25,3.515625,4,-7.077289648206572,-7.867766905773809,22.05992464810658,23.402085916877304,-41.9239298576851,-44.768524842917635,98.8274622319038,104.97345883381679,-215.82764945590992,-226.96651760821968,403.126589104897,420.9410086084202,-663.5137711643697,-689.5341428716986,1005.7939410477001,1041.373647242722,-1437.912464664945,0
39,10,0.0,4.0,4,0.0,0.0,0.0,0.0,0.0,0.0,0.0,0.0,0.0,0.0,0.0,0.0,0.0,0.0,24.073727925529557,24.64975333237174,-97.59490178227615,1
40,10,1.25,4.0,4,-8.194149056979768,-9.090081645681863,14.97596714525934,16.11063100227078,-28.1910404652779,-29.89850097468598,52.89327761634867,56.220556909838,-88.75294470761602,-93.93036831734017,149.9472077247313,157.51525079970858,-241.68305694315518,-252.14810939090782,383.7971117399288,397.9767688353159,-585.0284333987198,1
41,10,1.25,9.0,4,-19.72302037334787,-21.707524122151536,111.84551236670609,118.89380997352941,-459.9545086731025,-486.5390785265168,2075.444720665429,2200.3118862718343,-8937.29508929304,-9439.478640603198,36057.028527961265,37816.299564441964,-134835.3296449167,-140510.2252301862,469943.11358553724,487265.9685233265,-1539280.3203293742,-1
42,11,1.3,0.0,2,1.06637388360808,1.038360056698131,1.0262444362900809,1.0209724123141641,1.0162573366455958,1.014267511423431,1.011783933614787,1.0107798314923941,1.009247368599585,1.008653249002136,1.007612647586907,1.007224035684813,1.00647075715466,1.0061984695934858,1.005627667064396,1.00542710196408,1.004979469218814,1
43,11,0.0,0.0,2,0.016049011251558668,0.0037559021176666045,0.001504027446232709,0.001198966971568433,0.0004701907960750762,0.0004591125284851005,0.0001462515345644344,0.00015981727135203072,1.7951090332257718e-06,1.6458751327108608e-05,-7.179972169560346e-05,-5.899558052016586e-05,-0.00011165255104306221,-0.00010083814636521751,-0.0001336794595153124,-0.00012454988566257258,-0.0001456368333448421,0
44,11,1.3,0.0,4,1.044029865141531,1.0105676938444441,1.0131800547765841,1.0077491673175172,1.00580366965959,1.004001291014688,1.0042796504169642,1.0034470349069642,1.00260610985634,1.002146372276616,1.002288466359705,1.002004507890215,1.0015594196173772,1.001369735963445,1.001468227720009,1.001334397842191,1.0010632009795442,1
45,11,0.0,0.14792899408284002,4,0.8938694822663751,0.9142088874199109,0.9258768979559172,0.9520743667798391,0.9573343772246632,0.961710484169894,0.9643886551542092,0.9714273382128852,0.973203038289361,0.974987585406246,0.976190204858787,0.9793905994202132,0.9803010061131232,0.9812778067575312,0.981970377335486,0.983796680918059,0.9843569953363912,1
46,11,1.3,0.4225,4,0.08162424889256803,-0.03753456476869687,0.172125131888426,0.15350052342242002,0.04132839072943833,0.03004530470988886,0.07099356049740467,0.0670181951627096,0.02996757928953755,0.02694248629085691,0.043267579207394914,0.04172046396030876,0.023500818785077444,0.022218774335070763,0.03091409446810948,0.03012401900627812,0.01930772164030762,0
47,11,0.0,0.5917159763313601,4,0.0,1.237157804324059,1.290555385314548,0.8051281931275651,0.8112185346383821,1.043128286522374,1.0526740439690199,0.926064825549567,0.929128548321002,1.012165423854484,1.015669902462402,0.959507035839008,0.9612331656368512,1.003359999042686,1.005165341618271,0.9735301256354132,0.974628866287402,1
48,11,1.3,1.0,4,-1.2338532502406292,-1.4701477111570733,-0.6493856392656091,-0.669449565670946,-1.0802304163783458,-1.101166699662985,-0.874553133596432,-0.8785220757653549,-1.031868254130866,-1.036861265718384,-0.934422883197751,-0.9359773471227092,-1.0146879979803052,-1.016631122060855,-0.958828403703892,-0.9596316882621352,-1.007207789354226,-1
49,11,0.0,1.3313609467455612,4,0.0,0.0,0.0,0.0,2.0285644297795247,2.099193719811173,-0.32284196325599895,-0.3656331183810701,1.9860167279231769,2.033096024456305,-0.058681777717969126,-0.08645748836478351,1.7883855338826562,1.8160723361337934,0.16765195516462705,0.150724746688176,1.626453566198904,1
50,11,1.3,1.69,4,-2.80559259985432,-3.18184134060812,2.936995199558733,3.1739382087487233,-3.500453049586143,-3.7599391461831932,3.7423615520969937,3.9723520525119698,-4.0785167844384596,-4.268515463719275,3.9943141079985964,4.15586670123577,-4.0191797335124955,-4.151071626939288,3.7976852573557385,3.910417766252365,-3.7136909638773465,0
51,11,0.0,2.3668639053254434,4,0.0,0.0,0.0,0.0,0.0,0.0,0.0,0.0,4.6999864002684335,4.783205423530223,-7.141301137675103,-7.307088571372503,12.898405556735462,13.16286058865864,-15.395689109802964,-15.733697747472789,21.10916096319605,1
52,11,0.0,3.698224852071005,4,0.0,0.0,0.0,0.0,0.0,0.0,0.0,0.0,0.0,0.0,0.0,0.0,0.0,17.36488766755969,17.81884828954668,-61.67634740828815,-63.2424488428358,1
53,11,1.3,3.8025,4,-7.617620681099137,-8.422352633673825,25.17189476679186,26.818613074331193,-56.478299256750745,-60.493961978635035,150.25614244519159,159.2475280567166,-345.6800851434494,-362.5762013125478,666.6268040789348,694.7148579061427,-1134.410279245776,-1177.2059857795794,1786.41586589625,1847.513281069454,-2665.0713469916973,0
54,11,1.3,4.0,4,-8.067502596387108,-8.912293926161624,13.742935283562439,14.744624171544292,-28.03237614930603,-29.75054689648273,56.76561833397085,60.23722877099425,-100.07449480151541,-105.656743781494,171.23826614024412,179.60073884892984,-276.9256342816053,-288.6865830277606,437.8449678726016,453.91467635216117,-664.3877898480907,1
55,11,1.3,9.0,4,-19.45691817329813,-21.31587095116905,104.52529464562359,110.90803186892752,-453.46549344244386,-480.3408841924626,2255.149785974556,2386.646672110233,-9978.277685029372,-10509.74383350446,39375.15954549352,41231.76644199104,-142135.7198962066,-148050.4679482304,480002.035171077,497658.18209919,-1530074.975965029,-1
56,16,0.0,0.0,2,0.025618559323445204,0.008720013856080455,0.005548818975330744,0.003918246429100075,0.002915183097522228,0.002306969870994824,0.0018803634917511913,0.001554919423633089,0.001339683437127176,0.001136255331249669,0.001015440455728933,0.0008762192726904928,0.0008033833486135455,0.0007021462543413126,0.0006559872018974677,0.0005790782187323763,0.0005487691948505571,0
57,16,1.55,0.0,2,1.074405842768435,1.053129988312735,1.031345745043388,1.026692755876312,1.019106590793733,1.017383480730442,1.0136098615324791,1.012778889374655,1.0105335958519108,1.010064668848369,1.008578486385356,1.0082851011190321,1.007229576299215,1.007032204997268,1.006244131485726,1.006104035031704,1.005493307941478,1
58,16,1.55,0.0,4,1.060697255062611,1.042709193139129,1.032239730193267,1.027602530061626,1.0198363510627149,1.018047060151053,1.015676618646294,1.014747237051374,1.011933409602889,1.011368619542968,1.010392234406659,1.010011566987239,1.008571861710412,1.008297855853667,1.007778978395657,1.007571708480773,1.0066990824038329,1
59,16,0.0,0.10405827263267402,4,0.8531798688633251,0.90822157244378,0.9228664494436832,0.9437514481578372,0.950123231699594,0.95860004366877,0.962041581755794,0.967476204630572,0.9697144790296,0.9728935081690859,0.9744453306321652,0.976880864603798,0.9780421685224332,0.9797043552611652,0.980598728039588,0.981976727769694,0.982694809475193,1
60,16,0.0,0.416233090530697,4,1.0929641241020822,1.125254694100874,0.903544014064558,0.9015568242880572,1.006745267336274,1.0068438143987979,0.9680304361877152,0.966778243275414,0.9983616461357879,0.9977385388905392,0.9826954388877359,0.98197243579868,0.996887967715418,0.9964064492663359,0.9885000113969472,0.988033202959996,0.9966927057816072,1
61,16,1.55,0.6006250000000001,4,-0.26465439495577103,-0.306225251963589,0.213741125807776,0.20479800205553506,-0.061877517649725274,-0.06902985560054116,0.07132119158173791,0.07097441873508104,-0.02456435027458428,-0.025692620761000876,0.035920225542295764,0.03602708016773948,-0.01200923958977506,-0.012238554864528751,0.021985317910097082,0.022124176823661332,-0.006582147424925494,0
62,16,0.0,0.936524453694068,4,0.0,0.0,1.538870701431641,1.586676664435327,0.456784105563741,0.4501307146232121,1.2624558954362357,1.2708274022315331,0.71390779116906,0.711361721088372,1.1402882460524522,1.142808759848489,0.823845518781523,0.822623811339215,1.0840654569039319,1.085034970570264,0.8797795700212631,1
63,16,1.55,1.0,4,-1.145923598245831,-1.203175418894533,-0.7273908321884341,-0.7455910585729231,-0.9741315990424232,-0.984757604876714,-0.9039313468147292,-0.905756963222453,-0.9751574559078152,-0.976930255523206,-0.945040372501392,-0.9453242065960472,-0.979106135858232,-0.9794956550314772,-0.9621543260646079,-0.9621342642854008,-0.9822477773924599,-1
64,16,0.0,1.664932362122788,4,0.0,0.0,0.0,0.0,0.0,2.571046329743554,2.696858848606386,-1.44736017079439,-1.5486525925055616,3.349225635749721,3.4691577081138014,-1.6474331220003238,-1.7364366280662933,3.398840091031168,3.488492927804857,-1.5146560206430122,-1.58112164412957,1
65,16,1.55,2.4025,4,-4.240709345010923,-4.353028587271746,8.201030420489706,8.324295072776513,-14.892057448929153,-15.321082650593171,21.626629035488282,22.138782894256092,-27.746346329348782,-28.290508438436397,33.34549211029798,33.903452853667325,-38.722312182478206,-39.27945483569901,43.6284773789404,44.17907672034399,-48.114363350253285,0
66,16,0.0,2.601456815816857,4,0.0,0.0,0.0,0.0,0.0,0.0,0.0,0.0,0.0,5.8574698855835505,6.01398583954579,-10.80978331209316,-11.136335280150721,20.053752325446613,20.60363118026914,-26.86246133720368,-27.601640502525374,1
67,16,0.0,3.746097814776275,4,0.0,0.0,0.0,0.0,0.0,0.0,0.0,0.0,0.0,0.0,0.0,0.0,0.0,18.47034809751504,18.819682353969032,-66.59621093329237,-67.96237953050102,1
68,16,1.55,4.0,4,-7.7657861581711565,-7.940829254995514,10.24506294546569,10.40382400815736,-29.89705050293296,-30.74351948820609,69.77766429167139,71.37282386117181,-138.2892177092367,-140.8003858169912,253.27673553125848,257.22295443693423,-432.22634860578506,-438.14535315312224,706.4317922764787,715.0886394148181,-1101.444697594618,1
69,16,1.55,5.4056250000000015,4,-10.86746759510283,-11.09770081278533,56.32246293775428,57.14982570644228,-232.98999639475232,-238.84330754704757,816.6915326818912,835.0939372358463,-2261.148559177011,-2306.402286133442,5518.710819850542,5618.72346132274,-12680.143997382242,-12883.886971164422,27501.969737338517,27887.529636007246,-55745.33759924173,0
70,16,1.55,9.0,4,-18.79889042471299,-19.17025231516353,85.42422012688876,86.64298310067566,-479.53271730234553,-491.9528611265872,2820.6295950349468,2881.5662379298906,-12809.435363090142,-13042.316416445581,51551.36589343087,52380.32607441334,-191940.93641849552,-194712.93366356578,665933.2894427546,674598.3452266895,-2148984.3600829463,-1
71,20,0.0,0.0,2,0.02976406061828815,0.01181192869052264,0.0068575947422191965,0.005336312491403593,0.003715886698225673,0.003168541009622661,0.0024426991715962303,0.002156955728479487,0.0017679060351756262,0.001592510457318508,0.0013590668993212211,0.001240671690986267,0.001089296776089127,0.001004120980768908,0.0009002369752165176,0.0008360799667307963,0.0007616358303869086,0
72,20,1.75,0.0,2,1.096264424480075,1.0613097196786372,1.036100559576771,1.0296226867106801,1.021038581924163,1.018797615956525,1.014607824363143,1.013570805764858,1.011115987179602,1.010548010127101,1.008942981459707,1.0085959607631891,1.0074672363044979,1.007238385253763,1.006402432726557,1.0062427767684219,1.005599269536178,1
73,20,1.75,0.0,4,1.09400118817201,1.062079736743303,1.047579387072447,1.040712160928789,1.030123468891499,1.027555132115374,1.023717924636064,1.022401261272484,1.018446293979347,1.017650890465018,1.015984519307241,1.0154502919043848,1.013398883161087,1.013015369983586,1.0120971260993192,1.011807543384591,1.0105525708566199,1
74,20,0.0,0.08163265306122447,4,0.829172616741437,0.905312563943678,0.9179260929402432,0.9404206116028679,0.945965266874008,0.9565330790027232,0.9595472189715912,0.965508988003678,0.967465929736384,0.971414868511918,0.9727740445826508,0.975470918740518,0.9764869852429752,0.978553740108034,0.9793371134998452,0.980871799214697,0.9815004385696959,1
75,20,0.0,0.32653061224489704,4,1.027130496875271,1.0822126248080308,0.9330797431147472,0.9351654819824212,0.9941293683315352,0.9954230313467912,0.9774179220272332,0.977223057858724,0.9935181813194409,0.993462243763222,0.9871219599530959,0.9869001285312432,0.9943945165990972,0.9942491385232692,0.99105597268587,0.9908858369429152,0.99518882499685,1
76,20,0.0,0.7346938775510201,4,0.0,1.358097985765833,1.401768524979634,0.69190637855084,0.691626669876924,1.104086491120632,1.120289454263007,0.8673986349240751,0.869606034101683,1.044008184443666,1.049831068483605,0.9256332617357059,0.9273043903418652,1.021884861707548,1.024765187279385,0.9516178136768992,0.9528167743590272,1
77,20,1.75,0.765625,4,-0.510474176996857,-0.5963810178937781,0.39192675891948,0.3942173066431101,-0.19864826142717898,-0.210975474621993,0.14720600271602302,0.15009086030752902,-0.09369574384697643,-0.09583863938767744,0.07495084256045226,0.07616498840572528,-0.05300367175489629,-0.05354551593590981,0.0449884169014178,0.04562036155926207,-0.033738851218892967,0
78,20,1.75,1.0,4,-1.001640105109775,-1.104073085639824,-0.7533769308920341,-0.7801479740931792,-0.9433763020430179,-0.957844538420794,-0.9094243684832132,-0.9132732501102032,-0.9631037468192872,-0.9662408330737052,-0.94569993126748,-0.9469425801596252,-0.9725134754471332,-0.973617899513966,-0.9615893851147672,-0.9621309165849092,-0.97789304151022,-1
79,20,0.0,1.3061224489795908,4,0.0,0.0,0.0,0.0,2.028813343122544,2.076015435911147,-0.25881082926069304,-0.27981633887878304,1.915598624228065,1.940992254884721,0.04505958202067406,0.032643987814324545,1.691883932649399,1.7058107872968968,0.27959563048296704,0.272346781012829,1.5268656687236732,1
80,20,0.0,2.040816326530612,4,0.0,0.0,0.0,0.0,0.0,0.0,0.0,3.5486755522302746,3.685221882792065,-3.758080059477209,-3.919178166527071,6.799955195996988,7.005889787819754,-6.155564730647055,-6.354603226556419,8.682912529001106,8.89058740086753,1
81,20,0.0,2.9387755102040813,4,0.0,0.0,0.0,0.0,0.0,0.0,0.0,0.0,0.0,0.0,8.063171893572266,8.213146798825766,-18.90893886473128,-19.24239755306019,37.95756644783231,38.558444287360885,-58.669096226664294,1
82,20,1.75,3.0625,4,-5.323900272503458,-5.571763281805024,15.78775766884368,16.287789787034182,-35.56946947849444,-36.90229748807544,62.59312459561676,64.67575011625632,-99.55464507414855,-102.4158909142128,148.58190134747682,152.2476883179359,-208.46526180901532,-212.9400438326791,277.14930239182405,282.41966996102263,-352.97916232823195,0
83,20,1.75,4.0,4,-7.2885639849551325,-7.602531552789205,9.248190660362514,9.520313711416597,-28.919673825182592,-30.106408226896587,68.63745818498164,70.88310171263261,-141.18271050751602,-144.910922542109,266.29231758697983,272.247606706018,-463.01503382976983,-472.00421392649355,766.6498897076881,779.7371876732328,-1209.200571118721,1
84,20,0.0,4.0,4,0.0,0.0,0.0,0.0,0.0,0.0,0.0,0.0,0.0,0.0,0.0,0.0,0.0,0.0,24.41109267251347,24.79761089778242,-98.20532301536059,1
85,20,1.75,9.0,4,-17.76677045136367,-18.43329566470448,80.31181635362552,82.37251618772649,-469.3730947685566,-487.07363405133384,2765.398887836752,2851.4358858141322,-12866.85264429712,-13208.74014383753,54163.326449367196,55404.182904884365,-207400.5253616658,-211544.51355134122,726764.6598024202,739621.2521769577,-2358439.4705830053,-1
86,22,0.0,0.0,2,0.03116384065550737,0.013292684122057807,0.007269205036175036,0.0058838009822578825,0.003970668717208997,0.003482620075589415,0.002619913430671639,0.0023685258183757107,0.00190119162850097,0.0017483919688930374,0.0014647321711448171,0.001362367488072086,0.001176242385022952,0.001103042093899054,0.0009737730936147936,0.0009189071892709844,0.0008251520698550341,0
87,22,1.85,0.0,2,1.107661228127733,1.065628882434671,1.038151191056415,1.030989906418682,1.0217648027766708,1.019383091483724,1.014927050589602,1.013854344334967,1.011264772815065,1.010689863340348,1.009007655352603,1.008662915811696,1.007486066070693,1.0072625116492628,1.006394632724988,1.006241067445452,1.0055753586664071,1
88,22,1.85,0.0,4,1.1117312046734509,1.072934570323492,1.0551253718530729,1.047456018013811,1.035183231524555,1.032381975927989,1.027661468120737,1.026241728329022,1.021651278163997,1.020799273537431,1.0187329296086909,1.018162846888763,1.015776701841826,1.015368586736135,1.0142223350998159,1.013914700723571,1.012452184555698,1
89,22,0.0,0.07304601899196493,4,0.821712450767434,0.90300502910485,0.9153547067020312,0.9386988665028609,0.94411252679974,0.95529863227815,0.958235324349849,0.9644814467039492,0.966383244954918,0.9705742042351879,0.971893758520687,0.97472891067606,0.975714199882538,0.9779118727386372,0.9786712230097512,0.9802876637735012,0.9808966569843572,1
90,22,0.0,0.292184075967859,4,0.996351018559942,1.052728969554635,0.939394393527496,0.9417656727341279,0.988575787223345,0.98991151492522,0.978501661816486,0.978473571495566,0.9910572773319308,0.9910823538895452,0.987279657261382,0.9871470782093572,0.9929054902280312,0.9928179579523679,0.9909538836772912,0.990839238281834,0.9941432971627352,1
91,22,0.0,0.6574141709276841,4,0.0,1.3060691389400811,1.34781986714206,0.7624235856332959,0.7609079571278631,1.07390403125422,1.084747367334368,0.905384495841109,0.9070913516814549,1.027624919230424,1.031539561176657,0.948537365065018,0.9498478325826072,1.012364094852564,1.0143325271491541,0.966950425598606,0.967883362753042,1
92,22,1.85,0.8556250000000001,4,-0.6409792304991899,-0.7633116395566331,0.5341220244173379,0.548475965571522,-0.30562267298579904,-0.32371272965218395,0.22360849289459606,0.22970939566265206,-0.152959866665453,-0.156638650375495,0.119517871429973,0.121831619605308,-0.08946500503299631,-0.09060783921076464,0.0737695996501514,0.07488348599657185,-0.05819984731711586,0
93,22,1.85,1.0,4,-0.936725111087124,-1.073153038009744,-0.7540515509152651,-0.7824340987175831,-0.9349656766895812,-0.951066178811852,-0.9072834704774619,-0.911726953954084,-0.9598506302357972,-0.963497212141564,-0.943684150729934,-0.945235019808432,-0.970540420693506,-0.9719006975050232,-0.9599514898020219,-0.9606787397112719,-0.976436396778248,-1
94,22,0.0,1.168736303871438,4,0.0,0.0,0.0,1.8043141522296797,1.8695784471331298,0.07397585575593489,0.05056318921365488,1.5842831312855348,1.613195681238111,0.384646661346075,0.373971047054921,1.3941200486173277,1.4076358703124712,0.5706567164885781,0.565670296873507,1.2776592038381072,1.2848785534245,1
95,22,0.0,1.826150474799122,4,0.0,0.0,0.0,0.0,0.0,0.0,2.9898467885671,3.0703338370000868,-2.309910865681414,-2.384693238152363,4.544174627744366,4.638755909047528,-3.110729432201598,-3.190546375901511,5.0264871094963155,5.109256942003778,-3.2791382848791493,1
96,22,0.0,2.629656683710737,4,0.0,0.0,0.0,0.0,0.0,0.0,0.0,0.0,0.0,6.0030592016728495,6.1685988591406415,-11.32068097701694,-11.62762690426744,21.102865827850014,21.590189231411916,-28.58735664818542,-29.212087813790713,1
97,22,1.85,3.4225,4,-5.899110536017119,-6.272050269197009,20.746066896631433,21.579847775052944,-51.592661295213745,-53.78347861553421,101.55845562089279,105.41328758167629,-181.87625712890446,-187.82258027066243,300.7258178840293,309.2321715303746,-460.2077981941056,-471.73846879863294,662.0676483752377,677.0290686676819,-908.5473901035467,0
98,22,0.0,3.579254930606281,4,0.0,0.0,0.0,0.0,0.0,0.0,0.0,0.0,0.0,0.0,0.0,0.0,0.0,15.65881644369384,15.954824323786351,-52.25662434661935,-53.24870651388277,1
99,22,1.85,4.0,4,-7.082094058368847,-7.511415863009452,9.019425112269133,9.408836108397992,-28.18721706329361,-29.54848996703475,67.75080754760954,70.30858262254975,-141.2584564445082,-145.5135187658175,268.0630006691824,274.8478515972702,-466.42410613404775,-476.64665489751775,771.9580514039972,786.7973159323703,-1217.648707856963,1
100,22,1.85,9.0,4,-17.32437563717134,-18.2418539046753,79.09480055230823,81.89797781466895,-459.82388643360514,-480.271484237742,2722.160083861955,2820.033423537505,-12868.338656697731,-13258.00544769297,54635.77023726336,56053.04697540537,-208649.71792375145,-213400.9148433715,727658.2141809262,742453.9230425808,-2358852.572461911,-1
101,27,0.0,0.0,2,0.03379716474524253,0.0159655356350536,0.007937930770895106,0.007063423006245184,0.0044412846943791,0.00415496789764075,0.002950907584541806,0.002812349405081016,0.002148823785395576,0.002069207553129726,0.001659359126318066,0.00160865389602538,0.001334955710449059,0.00130030487447505,0.001106870076196032,0.001081933218662678,0.0009392170001565893,0
102,27,2.1,0.0,2,1.140715656035941,1.0763421829801758,1.042332999098397,1.034285621813264,1.0231121492420678,1.020707551277012,1.0154474603915409,1.0144404891490308,1.011446322956281,1.0109396952171699,1.00902628693791,1.0087401808166858,1.007419140345392,1.007244269174765,1.006280562251174,1.006167385680547,1.00543484553839,1
103,27,2.1,0.0,4,1.162533603795148,1.102564196418402,1.0728390635798342,1.0651535713336329,1.0474388438145241,1.044909037314677,1.037338186060484,1.0361161626770459,1.029583147908078,1.0288720743919828,1.0255569031508343,1.025090547678619,1.0217004305535191,1.021371734665808,1.019522913764859,1.019277884338556,1.017198552340531,1
104,27,0.0,0.056689342403628114,4,0.8142681942106951,0.896164107073747,0.909560226704762,0.934939239071398,0.9403149591476092,0.952528854417189,0.9553694168898792,0.96230270900011,0.964104824380202,0.96873913170683,0.969977815568787,0.973150470497936,0.9740673923179152,0.9765166440650532,0.9772202883965292,0.979038397079964,0.9796001859693512,1
105,27,0.0,0.22675736961451198,4,0.9277776499720052,0.9227634879615959,0.947481698324994,0.968451792412684,0.978269648872447,0.972874131314286,0.9777180045710592,0.9826528873438812,0.985693372093316,0.983661481036348,0.9856804250689072,0.987828740614884,0.9893134122678652,0.9882457776523141,0.9893610270399332,0.9905585912083232,0.99144494711763,1
106,27,0.0,0.5102040816326531,4,0.0,1.183004097212145,1.2602934715851941,0.8560915547156571,0.868811064854583,1.029479520776942,1.039773439457834,0.951426936897312,0.9559514238676592,1.007604742900017,1.011360776152655,0.9748335030134092,0.977114615798826,1.001861231656171,1.003811811140206,0.98404668249566,0.9854218388470732,1
107,27,0.0,0.907029478458049,4,0.0,0.0,1.517764885400209,1.5741136134715772,0.506331429167535,0.48988610716382,1.233848043028516,1.248157317689235,0.7471433515365721,0.7423419448067841,1.1213174827045511,1.126395853593975,0.8467288388232009,0.8448521391239391,1.0713217677983191,1.073600857811234,0.8963990209307061,1
108,27,2.1,1.0,4,-0.7702753744698011,-1.071671104450994,-0.7495031084794701,-0.766059132432197,-0.9218958126467672,-0.9399506863892132,-0.8980533744896311,-0.9012598332896332,-0.953332585774536,-0.957134756671679,-0.9366873479605052,-0.937849888956914,-0.9657771018470512,-0.9671247670004092,-0.9545920805152652,-0.9551352141118612,-0.972557126527728,-1
109,27,2.1,1.1025,4,-0.968388294741958,-1.2945302227901059,1.089384911100239,1.1704499768868342,-0.78962567365557,-0.8438815367664559,0.6346659472096391,0.6644191853596421,-0.48220113581597296,-0.499448737251593,0.3992328308402801,0.4113857716217421,-0.315957589823885,-0.32334447951281303,0.271768838439766,0.277735617496708,-0.22109580699407705,0
110,27,0.0,1.4172335600907031,4,0.0,0.0,0.0,0.0,2.17660521728658,2.2176756888151203,-0.549434519214815,-0.5856639198962831,2.232781689017815,2.271120250071493,-0.31126982950737603,-0.338443779850277,2.0256771969124667,2.050385605507545,-0.06033308521386393,-0.07804486469503802,1.834134400574493,1
111,27,0.0,2.040816326530612,4,0.0,0.0,0.0,0.0,0.0,0.0,0.0,3.572755066273643,3.6916868356699335,-3.784241632897421,-3.9143117177237388,6.826773691489962,6.996604339618919,-6.176005148152938,-6.334004401020906,8.697667730470442,8.865145307896846,1
112,27,0.0,2.777777777777777,4,0.0,0.0,0.0,0.0,0.0,0.0,0.0,0.0,0.0,0.0,7.010579538485419,7.120957724104611,-14.732737255589347,-14.98546384573628,28.328784063694894,28.77529967171824,-40.976849193265735,1
113,27,0.0,3.628117913832199,4,0.0,0.0,0.0,0.0,0.0,0.0,0.0,0.0,0.0,0.0,0.0,0.0,0.0,16.419455791003152,16.74867430364154,-56.06087693440507,-57.18643402736791,1
114,27,2.1,4.0,4,-6.568702309264643,-7.59437700705918,8.564685701678574,9.646374595520454,-27.27990017277182,-29.010301788377323,67.86017998017188,71.31669732018267,-143.60262119762731,-149.68526168649842,272.3103347371986,282.40407878137586,-470.65169908201483,-486.21966798949836,773.9590580858529,796.9860773022143,-1215.4249725487932,1
115,27,2.1,4.41,4,-7.361153990353278,-8.485813480415635,37.08427428035745,39.636924075138204,-119.31183958153329,-125.8928146792063,312.23633215880835,327.321388143811,-724.4448801536453,-754.5931184212352,1499.907634554735,1554.4953307504031,-2846.667904288439,-2938.48821541704,5059.597618599436,5204.666634875852,-8503.344001308744,0
116,27,2.1,9.0,4,-16.23274720058972,-18.465553511406263,76.52855839633584,83.33792214957253,-446.8927937651834,-474.0825135428283,2709.401265540831,2837.6938906379382,-13077.569929262128,-13615.640759094047,55321.204950559026,57346.79566180233,-208908.47406373732,-215842.5461880632,723923.6635140151,745859.2947344391,-2344883.516110106,-1
117,28,0.0,0.0,2,0.03269354210630146,0.016303308682963088,0.008551975368576686,0.007205580789910042,0.004707269419493647,0.004238147354759193,0.003103739196466171,0.0028686300186380738,0.0022498866081794577,0.0021106773663649987,0.001732127026703723,0.001640973775746124,0.001390425262016659,0.001326510306628198,0.001150914321647434,0.001103812546619704,0.0009752757251922928,0
118,28,2.15,0.0,2,1.1213208503981211,1.07890399211025,1.040880061856532,1.035022784009484,1.022693628027995,1.02100010292829,1.015227667430481,1.014570711873845,1.011294088787322,1.0109966820956842,1.008906218091635,1.008759716743899,1.007317974097912,1.0072430774899492,1.006192094153396,1.006154130849424,1.005355677875594,1
119,28,2.15,0.0,4,1.1386936836500519,1.108793269947164,1.074193847258385,1.0686989038733001,1.049364337850397,1.047400861127759,1.0390700700683109,1.038075829058622,1.031070595563607,1.030474973247723,1.026866866222794,1.026466458251569,1.0228524986527598,1.0225650272585078,1.020562433553296,1.020344528046994,1.018134543164238,1
120,28,0.0,0.054083288263926436,4,0.7979098692516009,0.895425320662889,0.9076725297285559,0.9343587537256322,0.9396287444736842,0.9520560052425949,0.9549089707430872,0.96192856658738,0.9637697883410292,0.968417548061246,0.9696955685622852,0.972876156028492,0.9738298179993979,0.9762720425901492,0.9770078933066909,0.978821197470138,0.979411472139284,1
121,28,0.0,0.21633315305570505,4,0.97612898357076,0.9219062779634699,0.950670375635908,0.966393082359704,0.9778582229967829,0.972198435467062,0.977858046838436,0.9815912254970692,0.985170404369646,0.98311213595401,0.9854981811859972,0.9871096857845709,0.988871701235673,0.987794218354796,0.989121660798102,0.990013122543752,0.9910707502496072,1
122,28,0.0,0.4867495943753381,4,1.094369237416414,1.1639699785923407,0.8739560346728831,0.8682053036952141,1.0233754723339281,1.023681125856044,0.95848855891151,0.9563932220146212,1.006024618856606,1.005286345809182,0.9785021037110608,0.977459808849212,1.00128446594975,1.0007077067545491,0.986310910321376,0.985682914425836,0.999589154118118,1
123,28,0.0,0.8653326122228231,4,0.0,0.0,1.503363229164363,1.5378314350641689,0.5516780580882471,0.543030503534222,1.2062253007426622,1.21199683673429,0.7824737408534409,0.7790380178069399,1.1012734513739109,1.102817893302884,0.8713118557514901,0.869659843117588,1.057351471834953,1.0578211557723831,0.914113955911328,1
124,28,2.15,1.0,4,-0.862024827834011,-1.060036282155633,-0.7521984775735759,-0.7616750620526761,-0.925029119689168,-0.93721432785003,-0.8980484558924091,-0.8988058780639011,-0.9536707960195152,-0.955582550601879,-0.9362169119069672,-0.9362185033389472,-0.9655765460292732,-0.96597699515754,-0.9540626879795112,-0.9539292930280959,-0.972205609739124,-1
125,28,2.15,1.155625,4,-1.173386646183718,-1.39756038120163,1.29770103703511,1.3371911131025431,-0.96164615642491,-1.0049573884300942,0.7894305062212931,0.8131501873962901,-0.6099570233984181,-0.6243685131337611,0.5117650173825751,0.522018468890175,-0.409453531158937,-0.4157511836483141,0.35520883726650504,0.36038778674918703,-0.291311866074818,0
126,28,0.0,1.3520822065981608,4,0.0,0.0,0.0,0.0,2.10278594545783,2.1261606365458716,-0.38103049303468906,-0.39930563507242406,2.048300945901227,2.064689085605416,-0.09427787982465308,-0.107177853901251,1.8219422788782689,1.831935984963023,0.15206242722308602,0.143818897372834,1.641916217053084,1
127,28,0.0,1.946998377501352,4,0.0,0.0,0.0,0.0,0.0,0.0,3.304875000747034,3.323388161642504,-3.075522089800036,-3.10704115437562,5.6991411178294245,5.7407310117980055,-4.6297231424687775,-4.6758054876773985,6.812732681112412,6.860293263287607,-5.306098380732252,1
128,28,0.0,2.650081124932396,4,0.0,0.0,0.0,0.0,0.0,0.0,0.0,0.0,0.0,6.086996115621647,6.336688814749143,-11.659854637564152,-12.13768577440598,21.834750356233567,22.61195977842764,-29.866347453957353,-30.87935721782157,1
129,28,0.0,3.4613304488912924,4,0.0,0.0,0.0,0.0,0.0,0.0,0.0,0.0,0.0,0.0,0.0,0.0,13.86463186582381,13.9305002644158,-43.639431238023946,-43.84342220758711,101.24314743010599,1
130,28,2.15,4.0,4,-6.864180362286199,-7.566524938464021,9.033321905977695,9.622614190686662,-27.717028893324407,-28.92807953130978,69.17987053045694,71.42815556240755,-146.256515391036,-149.9755334991987,276.5879053780763,282.6684518710043,-476.71913455772903,-486.17752910808497,782.0196254380099,796.3147398740872,-1225.608720101593,1
131,28,0.0,4.380746349378043,4,0.0,0.0,0.0,0.0,0.0,0.0,0.0,0.0,0.0,0.0,0.0,0.0,0.0,0.0,0.0,0.0,38.02820273842367,1
132,28,2.15,4.6225000000000005,4,-8.10962763568503,-8.916621334648015,42.60996716204024,43.9890232117335,-142.1627410145052,-146.8862822888704,390.00954210436936,402.3578904446535,-945.1030265152856,-970.9987600473337,2042.2623919842927,2089.8805381136413,-4048.781989422741,-4129.678915294551,7504.790093237368,7634.559398588585,-13114.67185581967,0
133,28,2.15,9.0,4,-16.86777291970683,-18.410672698976807,79.47510332127095,83.16047768409283,-454.5159338330188,-472.76922000348645,2755.43828446526,2839.476561444151,-13300.514735546121,-13635.312845731101,56115.1002193792,57344.396747724684,-211473.3968156656,-215683.92817091488,731718.3320902295,745284.600820717,-2366041.751589754,-1
134,29,0.0,0.0,2,0.032922897489449036,0.016626042192325472,0.00868585765321517,0.007338887631387042,0.004786325632474081,0.004316446960581256,0.0031570621570674307,0.0029217528834664394,0.002289100698342789,0.002149883860133123,0.001762659823593887,0.001671560063766675,0.001415171261818088,0.001351325856528945,0.001171572073308563,0.001124540137513813,0.0009929152832832688,0
135,29,2.2,0.0,2,1.124724119399418,1.081554446441471,1.0415915346436808,1.035770776992018,1.022944756592715,1.0212948186507291,1.015325957673656,1.014701428994903,1.0113272577212629,1.0110537277698342,1.008907623290092,1.0087791811681641,1.007302615060441,1.0072417765413169,1.006167499358647,1.006140760396802,1.005325926841833,1
136,29,2.2,0.0,4,1.145219336527618,1.115164359625008,1.077778595762766,1.072262983049133,1.051872959268985,1.04989779549778,1.04104058620506,1.040037561589343,1.032681338321047,1.0320791097773179,1.0282490174152081,1.027843244499937,1.0240508665857408,1.0237590263484009,1.021633377396628,1.0214117846440791,1.0190929339500039,1
137,29,0.0,0.051652892561983466,4,0.795629177080802,0.8948275815239851,0.9066445869977772,0.9338312681436932,0.9390251420917509,0.9516152754792849,0.9544404757188972,0.961579724749558,0.9634076959575332,0.968116191138025,0.9693864243936829,0.9726194656092909,0.9735681689290572,0.9760425758037942,0.976775013924101,0.97861768991542,0.979205522688994,1
138,29,0.0,0.20661157024793306,4,0.966869574484294,0.92070570022991,0.949880457492124,0.9643985847669871,0.9757714391326899,0.9714617806737099,0.97706524857758,0.9805613751005492,0.9840869591601132,0.98253982168311,0.9848909324695192,0.9864088035333499,0.9881413574894752,0.987331513826862,0.988637439870012,0.989479645283924,0.990518964969126,1
139,29,0.0,0.464876033057851,4,1.081666588876853,1.1451233061962842,0.8842092445763341,0.8785214800157101,1.0186369070094008,1.0185394138666328,0.962527615566132,0.9604681788402378,1.0040863235556128,1.003268426283318,0.9805977934317592,0.979570309551083,1.000302373202239,0.999701408557042,0.987599548517036,0.9869793066169832,0.999023494953464,1
140,29,0.0,0.8264462809917351,4,0.0,0.0,1.472943901384772,1.5044210069224668,0.5967865296246031,0.5892889730042661,1.177182083761572,1.181962248936312,0.8122883064649291,0.80934571065849,1.083032699737529,1.084176482515182,0.8910237427925691,0.8895993792367091,1.045453437244975,1.045733374907646,0.927962310121826,1
141,29,2.2,1.0,4,-0.8431593993816121,-1.047669130897251,-0.7472534828520531,-0.7570244758588861,-0.922069976089634,-0.934385651107939,-0.8954822038638651,-0.89633327232167,-0.9520028970348572,-0.9539682549368972,-0.934542564639414,-0.934588778935287,-0.9643587736683372,-0.9647883969906632,-0.952832220378992,-0.9527243380198772,-0.9712343593799799,-1
142,29,2.2,1.21,4,-1.260718933922551,-1.501864163906926,1.473166543183837,1.5206899518809398,-1.141587896124187,-1.19205358607504,0.962864648050524,0.991885897311948,-0.7607769384660831,-0.7787599306517341,0.648194815630979,0.6610685693192551,-0.5259856052418039,-0.534169612707258,0.460633994185242,0.46724967782100496,-0.38177439248453904,0
143,29,0.0,1.291322314049586,4,0.0,0.0,0.0,0.0,2.0242501462160183,2.0454995026444287,-0.22551329467928305,-0.24103588602241505,1.884286139670583,1.8977958764599117,0.08634655794727264,0.07601554451935244,1.6571192194888407,1.6648784597390711,0.31815330111431894,0.31179209926981705,1.4949534693460993,1
144,29,0.0,1.859504132231404,4,0.0,0.0,0.0,0.0,0.0,0.0,3.0941643704838415,3.110700398651495,-2.526799422091557,-2.553252180310456,4.859024850210435,4.892622704905229,-3.506051497713699,-3.5418357534446523,5.480565947081066,5.516432248695869,-3.78107196599803,1
145,29,0.0,2.53099173553719,4,0.0,0.0,0.0,0.0,0.0,0.0,0.0,0.0,0.0,5.485945951515374,5.704341890907344,-9.565976554527033,-9.95282884235054,17.49074566775062,18.09609056619969,-22.55113296035754,-23.303799757765002,1
146,29,0.0,3.305785123966942,4,0.0,0.0,0.0,0.0,0.0,0.0,0.0,0.0,0.0,0.0,0.0,0.0,11.884849751586412,11.94454942705868,-34.526137249076044,-34.69469079954034,76.58280906594172,1
147,29,2.2,4.0,4,-6.808295607109303,-7.5361696024640255,9.006457385677777,9.595597649184151,-27.64311765356675,-28.860051636493182,69.28791782040996,71.51933988973488,-146.4949211680187,-150.1484796545687,276.7634266310716,282.7110738604377,-476.63091815633726,-485.8693126570629,781.4451510334391,795.4064658093727,-1224.245666281423,1
148,29,0.0,4.183884297520661,4,0.0,0.0,0.0,0.0,0.0,0.0,0.0,0.0,0.0,0.0,0.0,0.0,0.0,0.0,0.0,29.93102145425488,30.68948082758036,1
149,29,2.2,4.840000000000002,4,-8.478533745273058,-9.352949734502737,47.10118086096796,48.642515070862295,-165.22795919128953,-170.7017935729253,476.85781079687416,491.7691011881829,-1208.407749044092,-1240.9631476996547,2728.257080087895,2790.673893743457,-5653.041319638067,-5763.5704578203395,10929.120420525,11113.621200809528,-19863.3557516603,0
150,29,2.2,9.0,4,-16.75018928665407,-18.35033705507457,79.26652710412012,82.95704953532645,-453.3205345039577,-471.63402597842486,2757.3690564285284,2840.871496299303,-13315.773256284509,-13644.73479701669,56107.9648488848,57309.19960025063,-211374.06672124864,-215482.5834605861,731413.4665062963,744650.5197372488,-2364298.478610359,-1
151,30,2.25,0.0,2,1.1281662923277351,1.08431311495065,1.042318894510637,1.036478293751657,1.023202086007436,1.0215666833317691,1.015427546144987,1.014819222683579,1.011362507477512,1.0111027634948,1.008910478842753,1.008793285079359,1.007288333761776,1.007236671977649,1.006143741828349,1.0061245675006392,1.005296847906876,1
152,30,0.0,0.0,2,0.03313446296103545,0.01693646639004406,0.008810336335964621,0.007467150149210343,0.0048603581738943255,0.0043941330722305225,0.00320723723842381,0.0029748065523423073,0.002326111448928136,0.002189030146705628,0.0017915342694441172,0.001702033372383338,0.001438605316147451,0.0013759850486314011,0.0011911540167733599,0.001145083735118235,0.001009648640095812,0
153,30,2.25,0.0,4,1.151859758492153,1.121698835467589,1.081387157388376,1.075735002051061,1.054388682045899,1.052348144499316,1.043014140473375,1.041974646622272,1.034293809065877,1.033668786952726,1.02963232516222,1.029210843781595,1.02525008418762,1.0249467884334091,1.02270501015042,1.022474630070231,1.020051889864647,1
154,30,0.0,0.04938271604938271,4,0.793644713681468,0.8943857972718451,0.905693865733806,0.9333261546591052,0.9384670326619232,0.951198607464016,0.9540028630349809,0.9612544340282742,0.9630701366726412,0.96783537322605,0.969097122546336,0.9723811315192312,0.973323659117628,0.975829161454667,0.97655690513218,0.978428675696054,0.9790128385624692,1
155,30,0.0,0.19753086419753,4,0.9579027220068472,0.919222700236384,0.9488910322075149,0.962843267368589,0.97377530330876,0.970887611348578,0.9762361380210699,0.9796872789133312,0.983042024686084,0.9820332741240532,0.98427286055739,0.9857832665069459,0.987433310038498,0.9869043971129172,0.988149765574827,0.988990966699388,0.9899822880298109,1
156,30,0.0,0.444444444444444,4,1.069034399550423,1.126468803954402,0.8929542769554231,0.8890305363840311,1.0143783244498872,1.014886952641162,0.9658338213722032,0.964320980944566,1.002365383556814,1.0018224247509,0.9822721974012052,0.9814851352863132,0.99942270970404,0.998971368480927,0.9886110745572372,0.988123617933737,0.998507253834256,1
157,30,0.0,0.7901234567901231,4,0.0,0.0,1.4446932857245907,1.483465231276305,0.6362621547666071,0.6320565017705481,1.1528854322425521,1.158970687676383,0.8371144583369361,0.8354732959914261,1.0684896705517541,1.070142447142996,0.9070331762685899,0.9062546556196612,1.0362553875892,1.036818953774543,0.9390522875229332,1
158,30,2.25,1.0,4,-0.8241595165401291,-1.0344331505285351,-0.742029139374475,-0.7533045563401569,-0.9190057372050332,-0.9319769329996992,-0.8929022919845649,-0.8942089770190701,-0.950273283526432,-0.9525021451983132,-0.9328717470714409,-0.9331206475134692,-0.9631030986109732,-0.963669998721785,-0.9516039279703112,-0.951608445795776,-0.9702379800644709,-1
159,30,0.0,1.2345679012345678,4,0.0,0.0,0.0,1.835701077331705,1.954574765041852,-0.055568258922918064,-0.09240223491583198,1.7026897046850231,1.7506084744489372,0.24698318424038,0.23100228846557105,1.506914373636989,1.5297608044423232,0.45318933577841797,0.44562485262882395,1.372913412953628,1.38545486451731,1
160,30,2.25,1.265625,4,-1.349039636470581,-1.6071557093087547,1.665402181541873,1.724871000049895,-1.3497765205917973,-1.411183951373451,1.170475855190779,1.2075863591826002,-0.946632494856396,-0.9702333960049152,0.8192977964857341,0.8362921096878441,-0.6751235973907529,-0.6863331303076311,0.596868048176824,0.6057915854170539,-0.500579109459096,0
161,30,0.0,1.7777777777777768,4,0.0,0.0,0.0,0.0,0.0,0.0,2.9129747613384533,2.9631395246324534,-2.0735195690916557,-2.12039391111627,4.196387723070041,4.253178418557292,-2.645702132324999,-2.6944276465518855,4.49316950618054,4.541966598887857,-2.6755029987002312,1
162,30,0.0,2.419753086419752,4,0.0,0.0,0.0,0.0,0.0,0.0,0.0,0.0,4.975597944026321,5.035331938757847,-7.87368718316018,-7.981757320782767,14.14248478926547,14.310586629902899,-17.128655088053822,-17.338260578337827,23.28541507966792,1
163,30,0.0,3.160493827160493,4,0.0,0.0,0.0,0.0,0.0,0.0,0.0,0.0,0.0,0.0,0.0,10.02909386929099,10.363710378309241,-26.890081840741264,-27.76311973116883,57.340039046099214,59.03685064250658,1
164,30,0.0,4.0,4,0.0,0.0,0.0,0.0,0.0,0.0,0.0,0.0,0.0,0.0,0.0,0.0,0.0,0.0,24.58908660029919,24.75445560663222,-98.84075247190272,1
165,30,2.25,4.0,4,-6.752217341636975,-7.502829108516908,8.977171952278603,9.568701496555482,-27.578557323884286,-28.852967962061033,69.36595175044326,71.69581988292128,-146.6143080992013,-150.3796958336549,276.732594389716,282.79995050558364,-476.30336526580976,-485.6579006491671,780.6617657151137,794.7279744732815,-1222.75952748116,1
166,30,2.25,5.0625,4,-8.851737821358784,-9.793719343637797,51.892338474294355,53.67701750104155,-191.29793055440183,-197.9515102090106,579.833934296059,598.890123559468,-1535.2785459036072,-1579.3028186647214,3621.431911475765,3711.3578356040807,-7838.855170836059,-8008.867392367362,15793.716623986298,16096.36671748853,-29837.379139060464,0
167,30,2.25,9.0,4,-16.632313716798638,-18.28348903849671,79.03730879899189,82.77096749072516,-452.24177759385054,-471.3955976292723,2758.5103972018105,2846.124148275236,-13321.170445250042,-13663.330651390439,56071.37522934969,57314.95485771003,-211219.4972036949,-215471.9293804108,730956.6810780206,744666.218452575,-2362001.788000104,-1
168,36,0.0,0.0,2,0.034183771421212976,0.018741315855949545,0.00939551971484487,0.008290085111228359,0.00523449511171209,0.004862651970767573,0.003466218968883661,0.0032847399465404663,0.002518706173642665,0.0024135539333769163,0.0019423381834782762,0.0018747298817967108,0.0015612119769076453,0.001514540767058897,0.00129369690726433,0.0012597649112697231,0.0010973120685280609,0
169,36,2.55,0.0,2,1.150844042782561,1.094732386318201,1.046665888862774,1.0397499841110192,1.0247219040209972,1.022869421466526,1.01602888817245,1.0153667292986719,1.011572841217856,1.011303589642799,1.008929292733803,1.0088166705434058,1.007205442509784,1.007162876127059,1.0060043712877529,1.005995407146488,1.005125602412485,1
170,36,2.55,0.0,4,1.195098231378801,1.15116083791506,1.1027525494478172,1.095415178755002,1.06931622410923,1.066744469565548,1.054767914507553,1.053475257956491,1.043917681638298,1.0431448611748921,1.037900621521328,1.037381357511011,1.032423958924271,1.032051061749794,1.029120153689676,1.028837387222774,1.025794762707192,1
171,36,0.0,0.038446751249519434,4,0.787878949578184,0.8886129436976881,0.901112280352448,0.9305989856033692,0.9358186597907032,0.949115309614864,0.9518941557040259,0.959677288014968,0.961460237520116,0.9664735266386459,0.9677068603201672,0.9712352343747079,0.972154546513572,0.9747995773979732,0.975508500271466,0.9775208559196632,0.978089556104114,1
172,36,0.0,0.153787004998077,4,0.911369795937806,0.924356383395028,0.942088087543196,0.9565347374656272,0.964176897661546,0.9674436719398422,0.971446094680002,0.9752301002173632,0.9777888028694409,0.97904363311842,0.980788851151234,0.982493283136242,0.983786746363618,0.9844388366743212,0.98542540065704,0.9863913588336,0.9871788506928749,1
173,36,0.0,0.34602076124567405,4,0.9956135769846992,1.094588564688242,0.929195001756408,0.9295213241942539,0.9978097626567372,0.9991033415182432,0.9769746072173,0.9764141552591752,0.9953616703016752,0.9952138326991732,0.9872295705415812,0.98687556828165,0.995560864579652,0.995359543211604,0.991295907973174,0.991060503565296,0.9960318349661592,1
174,36,0.0,0.6151480199923101,4,0.0,1.2536929621432829,1.331676449545749,0.7902042090048791,0.7978597283249791,1.0582312808045231,1.070977782430909,0.920739252311175,0.9247760185101952,1.0202627476441621,1.024881993120121,0.9576901618705592,0.959961696022994,1.008388593974595,1.010752740163495,0.9730360141283729,0.97447712761218,1
175,36,0.0,0.9611687812379852,4,0.0,0.0,1.5459505449252633,1.6220873141055172,0.431831873721062,0.41735677908935503,1.284088160117071,1.30011580504443,0.692977717617099,0.6884656899463422,1.156942540671511,1.1626331775737029,0.8087637974409742,0.806952699020095,1.0963163990379081,1.098910895629276,0.868760881504361,1
176,36,2.55,1.0,4,-0.7040125459388271,-1.002881597155592,-0.7145868588714659,-0.7387002687457901,-0.9014147222238992,-0.9197018730899119,-0.8791075512079559,-0.8832269475202541,-0.9399358508142049,-0.943963415229312,-0.923656281919116,-0.925154509746288,-0.95553880790055,-0.957025039212214,-0.9446707064043429,-0.9453858972312612,-0.964232054114336,-1
177,36,0.0,1.3840830449826989,4,0.0,0.0,0.0,0.0,2.135696603313641,2.174995462119861,-0.4609730196826241,-0.487349114113396,2.134283739374885,2.162326674211916,-0.19589603421154805,-0.21424199645798805,1.9160140009360969,1.933176841115616,0.05369762755906215,0.04204736519714069,1.7299303720944519,1
178,36,2.55,1.6256249999999992,4,-1.892143725998168,-2.350504395596669,3.245063632686872,3.466942323456547,-3.4328337662041606,-3.6292266863493188,3.543446098603819,3.6900411300264353,-3.347561488608609,-3.4568045269792314,3.216769582529694,3.3022640088945585,-2.9574069900548197,-3.0237967677696367,2.792595799163871,2.846502670123511,-2.552005783785302,0
179,36,0.0,1.883890811226452,4,0.0,0.0,0.0,0.0,0.0,0.0,3.148846898999043,3.182865788606577,-2.665074767590859,-2.7104082333306194,5.0673767681939434,5.1272728997265515,-3.7836225861709445,-3.843499990935588,5.807440069515022,5.869185866086958,-4.154326267142585,1
180,36,0.0,2.460592079969243,4,0.0,0.0,0.0,0.0,0.0,0.0,0.0,0.0,5.1600059097673565,5.202081609667184,-8.450787531182831,-8.543175956920226,15.26375797251002,15.41806382126983,-18.91868450237913,-19.125572268371442,25.816636390898818,1
181,36,0.0,3.1141868512110733,4,0.0,0.0,0.0,0.0,0.0,0.0,0.0,0.0,0.0,0.0,0.0,9.626491195476698,9.937992796946867,-25.12144984959,-25.90695171509314,52.843296335175076,54.3550540138767,1
182,36,0.0,3.8446751249519417,4,0.0,0.0,0.0,0.0,0.0,0.0,0.0,0.0,0.0,0.0,0.0,0.0,0.0,0.0,20.990725145511007,21.1142765853633,-78.98297845028537,1
183,36,2.55,4.0,4,-6.401344877891713,-7.465008902367548,8.756755427848512,9.552994892303506,-27.4053789118792,-29.04507985419384,69.54521900514638,72.50850887860406,-146.2381712535169,-151.0741559172659,275.0751370552298,282.8492404426143,-473.26033950672416,-485.11801903616936,776.0234310007486,793.5163473042966,-1215.6809152474702,1
184,36,2.55,9.0,4,-15.89689876447919,-18.23522107772207,77.45805240901238,82.67501364924604,-448.9519947830482,-474.0831910965773,2760.674169996897,2872.4966486604353,-13285.933364620982,-13718.66292692503,55743.46628840146,57305.70438149943,-210161.77988715962,-215424.61552656008,727768.920320658,744332.4574095245,-2349135.390322304,-1
185,38,0.0,0.0,2,0.034490422984500106,0.01930671185447511,0.009539780033160722,0.008504789774534033,0.005334518938120425,0.004984331510036272,0.0035368573786227764,0.0033659355861810625,0.002571755609184601,0.0024728869102117468,0.0019841315973119227,0.001920701536448244,0.001595336243195772,0.001551647734849559,0.0013223277723037892,0.001290633254117934,0.001121848961712413,0
186,38,2.65,0.0,2,1.159589669881312,1.0992202954317791,1.048159039881065,1.041089810405202,1.025245806279577,1.023402225197978,1.0162403027762992,1.015600127091079,1.0116507104124068,1.011401282521858,1.008941376954852,1.008845003506545,1.0071823488490481,1.0071529678452291,1.005961567475549,1.00596339505385,1.005071535673028,1
187,38,2.65,0.0,4,1.2111002194436928,1.162792768155513,1.1098775222315902,1.102385146408134,1.074289597779641,1.071694132148296,1.0586843894399491,1.057382422014249,1.047124363391356,1.046345843958897,1.040655814889521,1.040132133483289,1.034814374424227,1.034437910328047,1.031257890438347,1.030972081462862,1.027708432461353,1
188,38,0.0,0.0355998576005696,4,0.788246419215458,0.8877770623400121,0.8999861848681371,0.9300113725515232,0.935157311328157,0.948600339672222,0.9513515126951559,0.959277550606338,0.961047850988969,0.966120845401006,0.967346946309712,0.9709381094225852,0.971852989976954,0.9745305020824979,0.975236430515838,0.977284027115836,0.9778506407761112,1
189,38,0.0,0.142399430402278,4,0.89894192810262,0.9220710684013392,0.939576102390968,0.9539638580679012,0.9615403126876112,0.9659306285073692,0.9699072911287072,0.9737713082586232,0.9763036975270369,0.977984100608927,0.979711461800188,0.981466971132554,0.982744593630608,0.983622296900918,0.98459685345364,0.9855960934765592,0.9863730836651992,1
190,38,0.0,0.320398718405126,4,0.9728248149530412,1.070833832565021,0.9354091463932149,0.9345384387358472,0.9935167867435358,0.994114807607034,0.9781851850313992,0.977433660987294,0.9934203514181472,0.9931119730567322,0.9875280254037492,0.987107443007186,0.9943929459336222,0.9941302648915352,0.9913227864437992,0.9910554285704541,0.99521848934239,1
191,38,0.0,0.5695977216091129,4,0.0,1.2193888357051827,1.299904609278197,0.820332935001107,0.8304672696207192,1.043509437447626,1.055749101888855,0.9354004080363132,0.9397683303766312,1.013695101266616,1.018063646981259,0.9660424773929852,0.968369086868128,1.004953207633727,1.007185173180088,0.978456954219124,0.9798968121965932,1
192,38,0.0,0.8899964400142389,4,0.0,0.0,1.493289605320895,1.557237267914565,0.52445013447241,0.513786705693291,1.2190498695247691,1.231538927683878,0.7615567312906071,0.7586460957843871,1.111533026466551,1.1157589566284911,0.856852611290083,0.855780352047095,1.064666526040449,1.0665357801082143,0.903734286411228,1
193,38,2.65,1.0,4,-0.6608181250925339,-0.9834514576598252,-0.7063108425280681,-0.7301013722046571,-0.8953557154173721,-0.913943758854442,-0.8746586504701429,-0.8788346691752381,-0.936365256865448,-0.940484671747,-0.920652241616046,-0.9222006999909352,-0.9529543632950992,-0.954491855291334,-0.942392951743524,-0.9431439372164979,-0.9621961142653221,-1
194,38,0.0,1.2815948736205058,4,0.0,0.0,0.0,0.0,2.004091053760257,2.0393674821630143,-0.196211033722046,-0.215708906841598,1.852797977767267,1.87450831007274,0.116290601741144,0.104075570361245,1.629282126821866,1.6414046555194017,0.34380574457842905,0.33660059544855103,1.4718254594479092,1
195,38,0.0,1.74439302242791,4,0.0,0.0,0.0,0.0,0.0,2.688163114731152,2.842496104954233,-1.7819853013881048,-1.898031975984461,3.8141465899825184,3.947873672703567,-2.232524583744098,-2.331440676265167,4.042850646786482,4.141643227087231,-2.2153501010469707,-2.2895998806831814,1
196,38,2.65,1.755625,4,-2.075286424182721,-2.60520725079154,3.951780559650236,4.240013135319391,-4.555937407426751,-4.816295523406522,4.997184892671238,5.204719803364352,-4.992176083343682,-5.1559140128014525,4.9926699849266525,5.1264040394569586,-4.7797600074089015,-4.8883959085087065,4.638568811351837,4.7293164757968436,-4.374053751087775,0
197,38,0.0,2.278390886436454,4,0.0,0.0,0.0,0.0,0.0,0.0,0.0,0.0,4.429253293677703,4.488909460339891,-6.12644457312321,-6.221806236444875,10.84954186538119,10.99173022540102,-11.99514309234452,-12.16180236002913,16.22022924126611,1
198,38,0.0,2.883588465646137,4,0.0,0.0,0.0,0.0,0.0,0.0,0.0,0.0,0.0,0.0,7.7125077969020905,7.812923233168213,-17.411172009345652,-17.65852570111955,34.391369753505764,34.84422762135126,-51.9564468453399,1
199,38,0.0,3.559985760056959,4,0.0,0.0,0.0,0.0,0.0,0.0,0.0,0.0,0.0,0.0,0.0,0.0,0.0,15.32839901891063,15.69203239672624,-50.65912697063325,-51.8579785695524,1
200,38,2.65,4.0,4,-6.276573158701218,-7.4221841351058355,8.658219501939781,9.521693756128954,-27.320334510622693,-28.971016235552483,69.39867310973212,72.35095309720634,-145.7991916087926,-150.6262497105338,274.2622333233865,282.05910239853245,-472.14875218199217,-484.08057792128096,774.5949072867711,792.2222838532639,-1213.7056906940309,1
201,38,0.0,4.3075827696689215,4,0.0,0.0,0.0,0.0,0.0,0.0,0.0,0.0,0.0,0.0,0.0,0.0,0.0,0.0,0.0,0.0,35.02193085769747,1
202,38,2.65,9.0,4,-15.63616488138242,-18.153405264182318,76.79467856466366,82.41591765152427,-447.48139119096015,-472.8929291794903,2754.72710235603,2865.926117244865,-13249.1995324383,-13679.41979863419,55582.19139219644,57144.70337621293,-209649.69976426766,-214941.2744624385,726303.0330973907,742993.5242825231,-2344784.5776268183,-1
203,39,0.0,0.0,2,0.03464000750343887,0.01958789079292295,0.009604967438259532,0.008608681445446216,0.005381111682997514,0.005044419850690761,0.0035699497713430617,0.003406205260141487,0.0025966750118770203,0.0025022889269988025,0.0020037953931980887,0.0019434297532104352,0.0016114090212948071,0.001569945203329703,0.001335823441239115,0.001305815708313007,0.001133421440736332,0
204,39,2.7,0.0,2,1.1642414816385058,1.1015506948703992,1.048905795958145,1.0417350167597321,1.025508045608934,1.0236542823640642,1.016346477109667,1.015708732961057,1.011690083091713,1.011445148953215,1.008947794347618,1.008855863249104,1.007171118638997,1.0071456848171059,1.005940433811891,1.005945672683745,1.005044731744248,1
205,39,2.7,0.0,4,1.2194295398608639,1.1687500913104858,1.113430140923739,1.105807813371205,1.076772822902925,1.074136370580716,1.060640876890835,1.059318711967676,1.048726584682009,1.0479361311647821,1.042032641019904,1.041501016930519,1.036008996648162,1.035626883338672,1.032326311438555,1.0320362489483208,1.028664901582662,1
206,39,0.0,0.03429355281207132,4,0.788843079356758,0.8875007795369411,0.8994796781211171,0.9297193236139092,0.9348579007840512,0.9483536767807372,0.9511034973227512,0.9590905931962552,0.960859631914798,0.965957464503974,0.9671821481891932,0.970801480631662,0.9717150741713679,0.9744069880118912,0.9751117717902019,0.977175643035666,0.977741273128904,1
207,39,0.0,0.13717421124828502,4,0.893334321200792,0.920845753085338,0.9383373783132709,0.9528913799369749,0.960317421671506,0.965277457953282,0.969166136780388,0.9731359459432609,0.975608673521784,0.977509226443903,0.9791964346196952,0.9810075256843952,0.98225520709936,0.9832498606736492,0.9842020186141129,0.985234835163214,0.985993991277958,1
208,39,0.0,0.30864197530864196,4,0.96190153977886,1.059186477508995,0.9378311442508399,0.93693722119277,0.991537545282525,0.992163101520814,0.978523075679647,0.9778831762400592,0.9924990916870909,0.992251417895829,0.9875369486376232,0.9871768522235299,0.993823868323242,0.9936011885294492,0.9912472332910892,0.9910162796954092,0.9948137914990972,1
209,39,0.0,0.5486968449931411,4,0.0,1.2024994474877109,1.285055573630576,0.8352458498021871,0.8441897928554359,1.038647170929249,1.0494416277863559,0.941902211352272,0.9457561206835772,1.0115252141152942,1.0153641737594972,0.9695875117853829,0.9716522427573759,1.0038385903263751,1.005808238473793,0.980705715288475,0.9819886834543592,1
210,39,0.0,0.8573388203017831,4,0.0,0.0,1.4696590008997088,1.5395009888112858,0.5635569806117801,0.556440301253194,1.1933092294519991,1.2066396925218692,0.7885831477356701,0.7870637517757261,1.094656587839009,1.09917683670003,0.8751196434733151,0.8747274921715461,1.053371056503482,1.055406795090806,0.9167302441600412,1
211,39,2.7,1.0,4,-0.6385727952189021,-0.9731863449315552,-0.702472208812796,-0.7265058612829011,-0.8923342826283631,-0.9113963866296032,-0.8724632408946561,-0.8768977131456711,-0.934580512320699,-0.938884398919284,-0.9191615531544342,-0.920839772424021,-0.9516639550949012,-0.9532992161108432,-0.941259740489818,-0.94208657215718,-0.9611802032682409,-1
212,39,0.0,1.2345679012345678,4,0.0,0.0,0.0,1.8389007276646498,1.947547898284471,-0.05364512180108605,-0.08750974302268588,1.703230635856778,1.7442957680924651,0.24887157088198505,0.23388630178259906,1.5069691429853782,1.526147039423107,0.4543370627633511,0.44718317033470506,1.3729338441781942,1.383306953279525,1
213,39,0.0,1.680384087791495,4,0.0,0.0,0.0,0.0,0.0,2.6233247749947997,2.715198108245438,-1.5204113582040832,-1.594908120288335,3.4453042444001163,3.5308263336715484,-1.7464808590678569,-1.8104242590931732,3.505342231637214,3.56849112481817,-1.6180568458544342,-1.6653228182603181,1
214,39,2.7,1.8225,4,-2.16677971582201,-2.734929063740633,4.343138126021123,4.674448393689006,-5.223593995353838,-5.5299153370041845,5.907876564750633,6.162234481909263,-6.071407170425164,-6.2794013345657245,6.199945625232584,6.374508094436026,-6.059654842287839,-6.205266928078822,5.967928340141358,6.091837055606398,-5.718474911820215,0
215,39,0.0,2.194787379972565,4,0.0,0.0,0.0,0.0,0.0,0.0,0.0,4.039959312265265,4.1365677295354955,-5.105334022789328,-5.247553658925691,9.075913952222429,9.274894114928284,-9.421146882716444,-9.636710513115094,12.85420863028486,13.090728681625311,1
216,39,0.0,2.777777777777777,4,0.0,0.0,0.0,0.0,0.0,0.0,0.0,0.0,0.0,0.0,7.0026712722848155,7.154692543080602,-14.714272613927653,-15.040079634501671,28.294505039698173,28.85790479886176,-40.92789196434378,1
217,39,0.0,3.429355281207132,4,0.0,0.0,0.0,0.0,0.0,0.0,0.0,0.0,0.0,0.0,0.0,0.0,13.29923782051943,13.571353118842035,-41.201740181984356,-42.028405719052785,94.76086384913242,1
218,39,2.7,4.0,4,-6.212579800458197,-7.3989956536576775,8.60396034084849,9.508196159640663,-27.273438847852308,-28.96872135850737,69.30745562996873,72.34443623812588,-145.570776561853,-150.53028684081903,273.8741366109724,281.8728189976088,-471.63472113854965,-483.8514534296267,773.9363870930084,791.9507870614873,-1212.7873910806402,1
219,39,0.0,4.149519890260629,4,0.0,0.0,0.0,0.0,0.0,0.0,0.0,0.0,0.0,0.0,0.0,0.0,0.0,0.0,0.0,29.08911697665657,29.53386635548075,1
220,39,2.7,9.0,4,-15.502591475859141,-18.108677834871173,76.4380686963557,82.31289413252776,-446.6865766695005,-472.826195168274,2751.1726499985552,2865.69830534466,-13229.93226398893,-13673.954045420849,55502.929183352775,57120.94157060488,-209402.493918568,-214901.2887320133,725616.1556670538,743001.445282649,-2342803.77966735,-1
221,41,0.0,0.0,2,0.034933811356344165,0.02014773677546725,0.009724430090103152,0.008802341261917037,0.005468315583106037,0.005154636181272293,0.003632130452022819,0.003479883867848532,0.0026436034068813012,0.0025561417235763504,0.00204087982684828,0.001985142564405351,0.001641750937037251,0.001603598465986872,0.0013613182764020682,0.001333796570652551,0.001155294574975846,0
222,41,2.8,0.0,2,1.174139665107219,1.1064385353002042,1.050399579517456,1.043119446833551,1.02603357212443,1.024200214024729,1.0165598540731131,1.015948224554121,1.011769666531508,1.0115463835218539,1.0089613018056869,1.008886531410694,1.007149204935019,1.007137443926392,1.005898618458807,1.005914918255161,1.004991503719318,1
223,41,2.8,0.0,4,1.236750978823086,1.1810076426414222,1.120523224830748,1.112825384166199,1.081736038173085,1.07909672724069,1.064551955050645,1.063230668004147,1.051929634469287,1.0511399288748342,1.044785247090979,1.044253801865591,1.038397404288289,1.038015197482685,1.034462487863861,1.034172121303829,1.030577283860439,1
224,41,0.0,0.031887755102040824,4,0.790834235026814,0.8872725074049511,0.8985707619951121,0.929280239751542,0.934315234051824,0.947934888949052,0.950649004816218,0.95876271917139,0.960514888387295,0.965664675968386,0.966879306370514,0.9705547716424928,0.971461859315134,0.974182313433077,0.974882495466399,0.976978020529842,0.9775402785120172,1
225,41,0.0,0.12755102040816302,4,0.8833285161296229,0.9183262972223609,0.935910804405136,0.950678434136992,0.958040416151186,0.96389291217517,0.967743109641244,0.971864894389638,0.9743057326669909,0.9765491076056769,0.9782142784778152,0.98010572722532,0.981335501171242,0.9825125935479252,0.983451161894014,0.984532772222918,0.9852805669312672,1
226,41,0.0,0.28698979591836704,4,0.941128961994302,1.0364372285670709,0.9415110036803142,0.939579039823394,0.987831847469456,0.987979304170604,0.978778858849322,0.9780241984518678,0.9907317931913809,0.9903868072219352,0.9873404773407259,0.9869436000562752,0.9927090520004069,0.992451326898897,0.990962072496614,0.9907142265626232,0.994008357792553,1
227,41,0.0,0.5102040816326531,4,0.0,1.169234974573959,1.256940106597962,0.857221649085914,0.8673556199564091,1.028579659306009,1.038768306787021,0.951462314580774,0.9553916065453442,1.007351228825653,1.010953975531341,0.9747826719235112,0.97682503585724,1.001741066201349,1.003593324751107,0.9839945957902801,0.9852463152796179,1
228,41,0.0,0.7971938775510201,4,0.0,0.0,1.4264647628118632,1.490136739561951,0.630207537825614,0.625837010252122,1.15183426738278,1.1631146400105,0.8319458554444431,0.8313326143456921,1.0689860138507858,1.0726685408213081,0.903542052026182,0.9035108109016212,1.036806844506864,1.038435108639447,0.9365988098018332,1
229,41,2.8,1.0,4,-0.5928130520740871,-0.951379063818191,-0.6953459093979879,-0.7177066655380471,-0.886287424208914,-0.905556063292958,-0.8680991518616581,-0.872551229421141,-0.9310096116441472,-0.9353908228901672,-0.916190432039998,-0.9179083872930032,-0.949085931553132,-0.9507656398321371,-0.938998515606774,-0.9398553328990029,-0.959151840207204,-1
230,41,0.0,1.147959183673469,4,0.0,0.0,0.0,1.7498182058503933,1.848974975413764,0.118598733199361,0.09374249779321686,1.540803853750355,1.5736509233631162,0.42492423047913597,0.41547017316803503,1.359192365680004,1.3736339026609108,0.603381900129579,0.5993951224669251,1.2501170860023392,1.2576901524609199,1
231,41,0.0,1.5625,4,0.0,0.0,0.0,0.0,0.0,2.420863646336732,2.500173007594118,-1.05035073386343,-1.105721203783583,2.8302863193227186,2.893516287908227,-0.9968590680085949,-1.039289965793294,2.7091840685753987,2.751679441937794,-0.7660367734822651,-0.7950008370133481,1
232,41,2.8,1.959999999999999,4,-2.349194521735372,-2.998470302019419,5.2058542153135745,5.625358441712415,-6.804318008226867,-7.206086213683918,8.185210643299266,8.543320018823644,-8.905765096589043,-9.217529200389864,9.496519221403641,9.771467698404283,-9.681430518511938,-9.921610978530053,9.839406027353457,10.050991410623801,-9.741573453380251,0
233,41,0.0,2.040816326530612,4,0.0,0.0,0.0,0.0,0.0,0.0,0.0,3.5775233292992232,3.657777884024257,-3.77800385709342,-3.8821167803809575,6.815774674809968,6.954556692244054,-6.158383137993188,-6.297609159486821,8.678589794209111,8.826035683538876,1
234,41,0.0,2.582908163265306,4,0.0,0.0,0.0,0.0,0.0,0.0,0.0,0.0,0.0,5.780927407299356,5.885104463823353,-10.492993112145,-10.70164018146314,19.349171273776946,19.69414493643487,-25.597072360653787,-26.051224144519487,1
235,41,0.0,3.1887755102040822,4,0.0,0.0,0.0,0.0,0.0,0.0,0.0,0.0,0.0,0.0,0.0,10.35776758470482,10.51183735323907,-28.18263999223019,-28.63998828577689,60.5191593812815,61.463380913856795,1
236,41,0.0,3.858418367346939,4,0.0,0.0,0.0,0.0,0.0,0.0,0.0,0.0,0.0,0.0,0.0,0.0,0.0,0.0,21.008638589757602,21.470731790689737,-79.59757373684434,1
237,41,2.8,4.0,4,-6.081505144765612,-7.348539183197036,8.485245590185272,9.47476535745678,-27.16954239116292,-28.886911774970518,69.09642807955562,72.15618420534517,-145.105425128797,-150.1065105916299,273.1288544974536,281.2111309572745,-470.65642339590147,-483.01556889553734,772.6655042729893,790.8945991484766,-1210.99496063607,1
238,41,2.8,9.0,4,-15.229325299252482,-18.010472715498267,75.67280943213852,82.03800251193053,-444.95332802326266,-471.539063323828,2743.081214784157,2858.352852676884,-13189.97851674035,-13637.67449688377,55346.43840914502,56985.043640416116,-208921.7479089388,-214506.6781722454,724289.8632142821,741958.2869792994,-2338951.627428757,-1
239,42,0.0,0.0,2,0.034122862283993034,0.02042628009892614,0.010056353770443621,0.008893917612555119,0.005613615101908082,0.005206906432120767,0.003716348372379885,0.003514875818519947,0.0026996518178201982,0.002581732954424876,0.002081424962827816,0.0020049696066417604,0.001672765671764498,0.0016195959966408269,0.001386010899578405,0.001347097768252342,0.00117555310611675,0
240,42,2.85,0.0,2,1.159549681359622,1.109016662980375,1.049504204181803,1.043828734345323,1.0258010775219069,1.024478665512708,1.016433005474048,1.0160705670914691,1.011673705640372,1.0115984974962429,1.0088792260502901,1.008902834958838,1.00707554545641,1.007134001612104,1.005831057184485,1.005900041874497,1.00492880652664,1
241,42,2.85,0.0,4,1.220200608586648,1.187328706081985,1.122466422843602,1.116354179412656,1.0838174072233941,1.081582778886434,1.066347529752926,1.065189363849465,1.05345004205215,1.052743381976721,1.046114951583792,1.045631212190625,1.0395622866293601,1.039210067058451,1.035511102856201,1.035240590611787,1.031519893072104,1
242,42,0.0,0.030778701138811943,4,0.7744217079662641,0.8873359217039051,0.8970101381692059,0.929099453296034,0.933853603475768,0.947748405557482,0.9503766355831159,0.95861506976327,0.9603384086723772,0.9655315846532672,0.966736576847878,0.97044244109738,0.971348492592758,0.9740796337945252,0.974782245215788,0.9768876764624352,0.9774540981890092,1
243,42,0.0,0.123114804555247,4,0.8868455974888321,0.9170698656882412,0.9354639603925452,0.949649348917577,0.9574303365612552,0.9632323532950432,0.967324964298484,0.971270473422784,0.9738820365074352,0.97609318400442,0.9778817485833092,0.97968279292519,0.981008320220808,0.9821631438352112,0.9831772398022092,0.984202982844244,0.9850126400302872,1
244,42,0.0,0.277008310249307,4,1.00182575532013,1.02537579544528,0.945720385827764,0.94042851504143,0.987684270395258,0.98602910170592,0.9794846679046012,0.97793373156363,0.9904131476621892,0.989495970377156,0.987508751913282,0.98674511914688,0.992436844907586,0.991890829767954,0.990972470733438,0.9905121337415872,0.993777428993712,1
245,42,0.0,0.492459218220991,4,1.066144128126895,1.152887854498772,0.8655653620163851,0.8664953043300481,1.021063330734502,1.024295412264191,0.9558583970118112,0.955305832294963,1.00545558298974,1.005626369728303,0.9772433759172132,0.9768238083320991,1.001030719657888,1.000881587808297,0.9855688147683552,0.9852691625778612,0.9994368285524392,1
246,42,0.0,0.7694675284702981,4,0.0,0.0,1.4218237778492442,1.4678448282139918,0.6564059468342359,0.655432476292652,1.1388092433251888,1.1455482478418202,0.84960170478128,0.8491241690322481,1.060689905636542,1.062564348149203,0.9149850664316612,0.914744690772413,1.03150446949857,1.032203257861373,0.944519103995212,1
247,42,2.85,1.0,4,-0.6613002117314201,-0.9397763316570109,-0.6954445078376461,-0.7132046988552461,-0.8874832760209921,-0.9025933335836572,-0.8676175077921321,-0.8703669117523141,-0.930588200978,-0.9336335056926852,-0.915537755078723,-0.916438354221725,-0.9484856391193449,-0.9494952321598512,-0.9383583255350579,-0.9387371701561792,-0.958556462324734,-1
248,42,0.0,1.108033240997229,4,0.0,0.0,0.0,1.7108975075586008,1.8141988660776351,0.19085699237660605,0.16534612970373702,1.476760014603029,1.512109374851863,0.493314942657477,0.484021376202839,1.3044624232069109,1.320129842550823,0.658602006596526,0.6548993030352761,1.206501185478706,1.214764766342059,1
249,42,0.0,1.508156355801784,4,0.0,0.0,0.0,0.0,0.0,2.3348297494564623,2.4207265024832605,-0.8592767336637611,-0.9167416887474912,2.5942118204520983,2.6619129688927723,-0.7179157457364409,-0.7612897150058541,2.424632887532141,2.469306159285244,-0.4677753461505179,-0.496795745651639,1
250,42,0.0,1.969836872883964,4,0.0,0.0,0.0,0.0,0.0,0.0,3.2898654268795067,3.3870079649625517,-3.170606987324959,-3.258475828381453,5.871823117783388,5.978459396561509,-4.904459480193339,-4.997813650539905,7.155824703675142,7.251667688192568,-5.724679898681017,1
251,42,2.85,2.030625,4,-2.600421994671729,-3.1320239611767637,5.854895101703932,6.14795494096583,-7.857878151690474,-8.19031884276704,9.707465430919786,10.016835178229213,-10.850249659287384,-11.12196537076465,11.815020018460391,12.057004339380029,-12.294501575773099,-12.507347046044137,12.6930266515939,12.882638235945311,-12.769646507078967,0
252,42,0.0,2.493074792243767,4,0.0,0.0,0.0,0.0,0.0,0.0,0.0,0.0,5.2432983773753135,5.348336813061894,-8.850112927293035,-9.02103658365615,16.10697761248733,16.361623066806473,-20.34891154426472,-20.655794093425893,27.899216244077913,1
253,42,0.0,3.0778701138811932,4,0.0,0.0,0.0,0.0,0.0,0.0,0.0,0.0,0.0,0.0,0.0,9.318988458678104,9.566545792384408,-23.77862300787794,-24.42387167731672,49.48995318870541,50.740271792923345,1
254,42,0.0,3.7242228377962436,4,0.0,0.0,0.0,0.0,0.0,0.0,0.0,0.0,0.0,0.0,0.0,0.0,0.0,18.06383881635607,18.520032388388916,-64.4231585857639,-66.08452150687299,1
255,42,2.85,4.0,4,-6.305802672685617,-7.3210914448739866,8.824816411754734,9.456692518462527,-27.49184483561781,-28.84207738657531,69.84974949789896,72.05445693803065,-146.5740958725657,-149.8966754603218,275.6745623940736,280.89361488269384,-474.6194690610442,-482.60801442125864,778.3903710625775,790.3633085867236,-1218.750759900098,1
256,42,0.0,4.432132963988919,4,0.0,0.0,0.0,0.0,0.0,0.0,0.0,0.0,0.0,0.0,0.0,0.0,0.0,0.0,0.0,0.0,40.11729582764704,1
257,42,2.85,9.0,4,-15.713306774275269,-17.956616633568487,77.78284552796947,81.8905978537789,-450.5806891177117,-470.8372201355948,2770.396743231805,2854.4316922346843,-13315.37839413181,-13619.57591205382,55844.32038489181,56918.994981298776,-210664.25642804254,-214313.78803946852,729724.3076928365,741435.7279332486,-2354108.1063764268,-1
258,45,0.0,0.0,2,0.0342941173066556,0.021137321554306317,0.01025744720522007,0.009298823143980228,0.005745090143139454,0.00543533392052148,0.003807654097202017,0.003662518592355696,0.002767492397258903,0.00268641020878066,0.0021344506980333364,0.0020839913211571077,0.001715796050297008,0.001681971601881577,0.001421936419813558,0.00139799123755846,0.001206216669031257,0
259,45,3.0,0.0,2,1.168409521256531,1.1123535464363101,1.051429083265102,1.04507260731368,1.026503953092238,1.024968974675522,1.0167171337625949,1.01625744104418,1.0117743207514571,1.011644838081557,1.008888320089096,1.008877767293105,1.007035412299635,1.007070567502081,1.0057633010968148,1.005815455993199,1.004845306282367,1
260,45,3.0,0.0,4,1.2393844478319551,1.2004450329016407,1.132797226198273,1.1260525864476292,1.0911688051718431,1.088794663392607,1.072175642312384,1.07097899571698,1.0582356350636941,1.057520356832328,1.050233485140682,1.0497519635817858,1.043138703552919,1.042792618592212,1.038711496081064,1.038448547088683,1.034385912249941,1
261,45,0.0,0.02777777777777777,4,0.7733290599077159,0.8834109756408579,0.8956238834553161,0.928105342732772,0.933121146851383,0.9471487700307072,0.949788182484298,0.9582138535125512,0.959902565224446,0.965190281338917,0.9663560479126979,0.9701638145375412,0.971032979246224,0.973826212226918,0.974496620643125,0.976666404127824,0.977204711809268,1
262,45,0.0,0.111111111111111,4,0.8737315784295291,0.9143055552945192,0.931842191947394,0.9475576527905292,0.9545573803983579,0.961762626087892,0.965443977871694,0.9699063296235579,0.9722301282327932,0.975006038883298,0.976596850878202,0.9786596012457832,0.979833331885452,0.981298502724546,0.9821963844632899,0.983381104575782,0.984096322712344,1
263,45,0.0,0.25,4,0.979465181563925,0.9254940368762021,0.94864371145398,0.9732232460981619,0.9832780837780932,0.974176588625416,0.979149209450928,0.984957830579631,0.988153491768298,0.984712890117606,0.9868390903447972,0.9893475626017052,0.990928388901124,0.9891163422393272,0.990305369455693,0.9916943238902521,0.9926455118272732,1
264,45,0.0,0.444444444444444,4,1.035648528189058,1.164625502094314,0.89262180061615,0.89362633112467,1.013583884622454,1.017393329187722,0.9656730736779772,0.9653815530167192,1.002147075749776,1.002598346331494,0.98216690612031,0.9819508624727892,0.99931307098392,0.99934626176399,0.988539892399146,0.9883852303833972,0.998438752565312,1
265,45,0.0,0.6944444444444441,4,0.0,1.2911831307040411,1.385324986331539,0.7248946713461619,0.7320614374737471,1.087831897544251,1.102828939173345,0.8874767022149771,0.891507559649499,1.03514039976852,1.04050922663151,0.938189825152174,0.9405318394137492,1.016696621642803,1.019410626718425,0.9601837357857009,0.961695941061136,1
266,45,0.0,1.0,4,0.0,0.0,1.575524488246792,1.6597836498802432,0.374841943578492,0.357392684983149,1.325745862169968,1.3451731441412649,0.6487810034328141,0.642648063457655,1.187744755184442,1.19496739908624,0.7767344583830951,0.7741345488191721,1.118602862509985,1.121976866515772,0.8449686163867021,1
267,45,3.0,1.0,4,-0.6173829686293341,-0.974410111990972,-0.6842431656901011,-0.7074341885591771,-0.8795276821145751,-0.8989236455339351,-0.8616333541030841,-0.8658277991406741,-0.92561567265882,-0.929951552561707,-0.91133344985748,-0.9128987555804172,-0.9448088496914232,-0.946430332781992,-0.93510212473164,-0.9358638503770071,-0.9556268012459412,-1
268,45,0.0,1.36111111111111,4,0.0,0.0,0.0,0.0,2.1081012601926092,2.155148837472047,-0.401264939084072,-0.43045308630286905,2.068887895004953,2.0998225429399198,-0.120775173023635,-0.140325074058989,1.8456757337762342,1.864096399729507,0.126163700395718,0.114009750937813,1.664520912967599,1
269,45,0.0,1.7777777777777768,4,0.0,0.0,0.0,0.0,0.0,0.0,2.9256327898461514,2.9635647659290667,-2.080807332109764,-2.1250851839547,4.2042669738497125,4.26034459078161,-2.650249543670936,-2.702293489333403,4.497805803114099,4.550360388438176,-2.6783244199468617,1
270,45,0.0,2.25,4,0.0,0.0,0.0,0.0,0.0,0.0,0.0,4.170589041774631,4.354929153127556,-5.616477273002504,-5.858281192943947,10.0184416781462,10.346181068711813,-10.866733585166418,-11.2103701386975,14.780120191312172,15.154874700986062,1
271,45,3.0,2.25,4,-2.9383422392059453,-3.6929790431067415,7.561432646589724,8.130925410395765,-11.411111404522009,-12.077849067174931,15.460926732872268,16.17638244024532,-18.82704945471897,-19.53177903276952,21.9641511050676,22.64939544894681,-24.394221706837982,-25.04493948042928,26.546597940148374,27.16241613841805,-28.108008475666317,0
272,45,0.0,2.777777777777777,4,0.0,0.0,0.0,0.0,0.0,0.0,0.0,0.0,0.0,0.0,7.053791967069429,7.120276194837197,-14.826660452498553,-14.98681792153651,28.487124402774292,28.78558703351686,-41.19602256375021,1
273,45,0.0,3.36111111111111,4,0.0,0.0,0.0,0.0,0.0,0.0,0.0,0.0,0.0,0.0,0.0,0.0,12.5363147619561,12.65459321304374,-37.482084015042965,-37.870027279430964,84.47862566509536,1
274,45,0.0,4.0,4,0.0,0.0,0.0,0.0,0.0,0.0,0.0,0.0,0.0,0.0,0.0,0.0,0.0,0.0,24.57828222920897,24.8219481487262,-98.79124765913302,1
275,45,3.0,4.0,4,-6.187685218013206,-7.498975546668816,8.767120037835067,9.718626009718207,-27.46294300004439,-29.220594563913952,69.81310104910149,73.0256478409785,-146.40420743859562,-151.6988313192675,275.39504472074407,283.98741760224533,-474.257269658683,-487.4379099228719,777.8813578668263,797.4348397459512,-1217.8705984892,1
276,45,3.0,9.0,4,-15.471522300319311,-18.37325127113252,77.36017953524762,83.51785213487227,-450.0727114873506,-477.2596585561309,2769.2446755508595,2890.129013017826,-13306.9254338356,-13781.2464718932,55811.86513343066,57540.48079768152,-210621.94624154177,-216475.64442308783,729762.2113693883,748286.9611688617,-2353978.7863301747,-1
