system,init,weight,type,lin_reg,el_net,lasso,ridge,lin_svr,svr_rbf,rnd_for,grd_boost,ann,exp
1,1.0001,0.0,2,0.8708901974164432,0.7203315807344797,0.6922292555649661,0.6118832344678756,0.5114162413595884,0.8999860557418669,0.9303546887397935,0.9670291590031986,0.99218976,1
1,0.0,0.0,2,0.1174441679201833,0.27343568735251667,0.6584425884369398,0.38613163685221896,0.48114131468279386,0.07908196606767293,0.23866827281115832,0.057916597133774235,-0.14121252,0
1,1.0001,1.0,4,0.9443127126438354,0.8853964739723067,0.6918763465514032,0.81383263715676,0.9062442882362141,1.330441014568383,0.2803647286896844,0.3975065211828023,0.99218965,-1
1,1.0001,4.0,4,1.2242891778202818,1.3243853128052594,0.6904890367543444,1.172295338300147,0.9297526435579212,0.9000213762856686,0.9506033818881972,0.979958786373018,0.99218965,1
1,1.0001,9.0,4,1.5189285410858986,2.02423262908425,0.6823865638507112,1.7441807596970098,0.9595483243204521,-1.1000324168867937,-0.5437569048815056,-0.6106727250071525,0.99218965,-1
1,1.0001,0.0,4,0.8623620080043394,0.7412472547459948,0.6922247921371909,0.6948539028702899,0.8981257232561359,0.9428054804497816,0.9506033818881972,0.9638553167180246,0.99218965,1
1,0.0,0.24995000749899998,4,0.2426699826923765,0.3814553560687247,0.6608699469330528,0.5210795576153935,0.871936246656784,0.011630985169422292,0.2666869845138649,0.308199987097867,-0.057843655,1
1,0.0,0.9998000299959999,4,0.2358271856775217,0.454449970627674,0.6584527586285092,0.5939994261764877,0.8761455571010968,0.41403287017491097,0.2789300069101387,0.4820006228773728,0.5075745,1
1,0.0,2.249550067491001,4,0.36484383291593747,0.6430093675058869,0.6584425851277877,0.7459276057722892,0.8866893913273921,0.9756552479364058,0.8903110758408269,0.5735092538652268,0.99218965,1
1,0.0,3.999200119984002,4,0.5578199564657921,0.9133737882408167,0.658442583569501,0.9611344294295094,0.9013391789808696,1.0128270272978637,0.8903110758408269,0.9924165936559658,0.99218965,1
1,1.0001,0.25005000250000003,4,0.8828152817787042,0.7772841301668934,0.6921376418746842,0.7246024802425954,0.9001558135598459,1.0578122341868021,0.9506033818881972,0.781524182810064,0.99218965,0
1,1.0001,1.00020001,4,0.9589749803650277,0.8907244265911684,0.6918864434825651,0.8157235052700198,0.9061655416011034,1.3368683887573565,0.9506033818881972,0.48509409669975395,0.99218965,0
1,1.0001,2.2504500225,4,1.0907998677175073,1.0810838219719674,0.6913477745391126,0.9686393998474938,0.915810635141405,1.4807836328546569,0.9506033818881972,0.7902614603142241,0.99218965,0
1,1.0001,4.00080004,4,1.2875702492232648,1.336588981719299,0.689801255081726,1.1751702666383657,0.9280687992190932,0.8971991772175909,0.5019185191512752,0.17402459970107179,0.99218965,0
5,1.05,0.0,2,0.87863037064524,0.7267599873097573,0.6929990906571449,0.6156467540165783,0.512172576611508,0.9154044715356915,0.9395014452740346,0.9693234925003167,0.99218976,1
5,0.0,0.0,2,0.11591501655645675,0.27211621418954957,0.6583841208438238,0.38528918770125353,0.4811281907327877,0.0781663373845558,0.11722223432820207,-0.37786179983556784,-0.14458966,0
5,1.05,1.0,4,-0.4772799987935913,0.05987162187752093,0.6284784946836331,0.38105393945730703,0.8507761733607295,-0.4970001493655576,-0.7234196658078805,-0.8777306883736317,-0.97173667,-1
5,1.05,4.0,4,0.802907580588993,0.681373434929513,0.4126062954112055,0.5563706987763999,0.5841532634351381,1.0508851576273952,0.5447353816580174,0.5877450175860793,0.99218976,1
5,1.05,9.0,4,-0.7591308300847147,-0.9659594503048635,-0.5491648988488922,-0.9803868347002028,-0.924548731461777,-1.0999845750309674,-0.6996753929578774,-0.5991032692595251,-1.0015886,-1
5,1.05,0.0,4,0.856125476534558,0.7371427281439181,0.6919554809231167,0.6926652821162675,0.8979145582978852,0.9350210574686071,0.9506033818881972,0.9638553167180246,0.99218965,1
5,0.0,0.22675736961451198,4,0.8594186537326037,0.7412202655257251,0.6871152836229573,0.6947403145803785,0.89562174034716,0.942697384347984,0.9506033818881972,1.002414847375117,0.99218965,1
5,0.0,0.907029478458049,4,0.876482790997258,0.8105790358933392,0.6590245376083903,0.7293930246520092,0.8681032547682715,0.9109408408300266,0.9506033818881972,0.9710969871519977,0.99218976,1
5,0.0,2.040816326530612,4,1.3441182988366762,0.7384340854026975,0.6584415723758248,0.7336314880322828,0.8848325978589178,0.9181012134459405,0.9491686601086513,0.9544620569272689,0.99218976,1
5,0.0,3.628117913832199,4,1.0584284866815779,0.8559636726995711,0.6584485208941362,0.9155256134588047,0.8982371753135813,1.0762779099433755,0.8917457976203725,0.9742508979622378,0.99218965,1
5,1.05,0.275625,4,0.3361506099265482,0.48902017772843587,0.6743208382734794,0.5856139842388627,0.8856640270023114,0.4916873652971998,0.2666869845138649,0.2961852212391673,0.73527694,0
5,1.05,1.1025,4,0.18623800887527853,0.4533318174429549,0.6224694729601109,0.535413102168564,0.8360576274626834,0.07064888584081475,0.15099400489931178,-0.10829410107343986,0.0627168,0
5,1.05,2.480625,4,0.3676795203604256,0.990212580252414,0.5233825406526584,0.7995520340214871,0.6995191351809785,0.6326011140636649,0.15099400489931178,0.06462927488577133,0.35719386,0
5,1.05,4.41,4,0.07764260571343573,-0.0721740256971517,0.30052850096864175,0.5256483206072485,0.34387852091502713,-0.09999862424145745,0.5532544378698221,-0.5621688057430894,0.06156926,0
6,1.075,0.0,2,0.8791018202849726,0.7273695072384739,0.6931459540518538,0.6160720835326728,0.5123352504648704,0.9182643890115654,0.9395014452740346,0.9693234925003167,0.99218976,1
6,0.0,0.0,2,0.11579445356464635,0.27182070857260354,0.6583803259484489,0.3850235807250239,0.4811468663108327,0.07850461981820134,-0.10858030900429025,-0.37786179983556784,-0.14490739,0
6,1.075,1.0,4,-0.5255367862383055,0.006977186341519337,0.6190987594216855,0.3411069656104829,0.8415210265785914,-0.7722305820963942,-0.7234196658078805,-0.8777306883736317,-0.973153,-1
6,1.075,4.0,4,0.927429649438224,0.8546574565454085,0.37413833700421717,0.5821321388867463,0.5328688427856024,0.9571063757446407,0.5532544378698221,0.5975039841414221,0.99218976,1
6,1.075,9.0,4,-1.3315389867740492,-1.1233915339482579,-0.6501899760442744,-1.0979887907469812,-1.0981530820898322,-1.0999926806169154,-0.6996753929578774,-0.5991032692595251,-0.9856092,-1
6,1.075,0.0,4,0.8561226393936038,0.7370171585828861,0.6919627884659034,0.6925704486255437,0.897932124281994,0.9352535076535315,0.9506033818881972,0.9638553167180246,0.99218965,1
6,0.0,0.21633315305570505,4,0.8660798461040143,0.7465364274987489,0.6882504646784771,0.6972380120015196,0.8967950027394701,0.9680933873398527,0.9506033818881972,0.9994559194651557,0.99218965,1
6,0.0,0.8653326122228231,4,0.8889959367486425,0.8189377048054466,0.6590864894991023,0.7305096396528417,0.8674992554212612,0.911078676525666,0.9506033818881972,0.9710969871519977,0.99218976,1
6,0.0,1.946998377501352,4,0.8864740831987773,0.731658000973762,0.6584414746997213,0.7323975685569448,0.8839032335414042,0.8946571816130171,0.9506033818881972,0.9573851119574358,0.99218976,1
6,0.0,3.4613304488912924,4,0.6786221049230788,0.8310118885509382,0.6584503097372713,0.8948249084894979,0.8968490450625,1.0933196451985663,0.8903110758408269,1.050167182794591,0.99218965,1
6,1.075,0.28890625000000003,4,0.2872764588525455,0.4535795131260151,0.6707522800073052,0.5655761869911974,0.8825659678728348,0.3921389117726517,0.2666869845138649,0.3064095532017426,0.5399729,0
6,1.075,1.155625,4,0.15040873510218933,0.42024120196096837,0.6082633407086024,0.5005414761735559,0.821100505638457,-0.21713214643983347,0.15099400489931178,-0.17135482404848487,-0.21275696,0
6,1.075,2.600156249999999,4,0.37643679536847674,1.073002615987571,0.48897774638389474,0.8063188581835989,0.6543866930764175,0.2973494339851155,0.15099400489931178,0.023560831774960725,0.028687775,0
6,1.075,4.6225000000000005,4,-0.5278816871178976,-0.2163488664529264,0.2223594421263132,0.4987931787323936,0.22250972029617777,-0.10000368847743912,0.5532544378698221,-0.5991032692595251,0.051488966,0
10,1.25,0.0,2,0.8779351847993978,0.724864394354103,0.6934077482396909,0.6136427599709617,0.5129074543664656,0.9278049469844345,0.9395014452740346,0.9679209785905916,0.99218976,1
10,0.0,0.0,2,0.11692371785798616,0.2717617826368529,0.6585227199787722,0.38446416378557013,0.4814041410315749,0.08446176928043458,0.24643829136546136,-0.10111504412749,-0.14010727,0
10,1.25,1.0,4,-0.5522985859151676,-0.04293143966405344,0.6075592736652662,0.2977895682920837,0.829829999369452,-1.113167032591274,-0.7234196658078805,-0.8770436012898137,-0.9744538,-1
10,1.25,4.0,4,1.1492007062353053,0.9122675260856755,0.3297116192398867,0.48224995316595765,0.4873792725296706,0.9461222771215962,0.5532544378698221,0.5874949615755259,0.99218965,1
10,1.25,9.0,4,-1.6188478133425548,-0.8925295381908339,-0.6633400299903172,-0.5392538082969841,-1.1962541545433178,-1.100016765146805,-0.6996753929578774,-0.5991032692595251,-0.63251805,-1
10,1.25,0.0,4,0.860526732177476,0.7372071316676467,0.692354840559922,0.6909107419882397,0.8986588162622802,0.953554860489835,0.9506033818881972,0.9670291590031986,0.99218965,1
10,0.0,0.16,4,0.8642176571714514,0.7495742785373928,0.6894500148538046,0.7028930964279304,0.8967306500079097,0.9495830599278645,0.9506033818881972,0.975985925401903,0.99218965,1
10,0.0,0.64,4,0.8924808887289116,0.9684226570182389,0.7006983857025932,0.9929608837389677,0.8909657055363938,1.0706922725721495,0.9506033818881972,1.0215227218812464,0.99218965,1
10,0.0,1.44,4,0.9007798727890445,0.7961430399351438,0.660897639482345,0.7335035397007479,0.881536157264347,0.864259469932851,0.8903110758408269,0.8904152394942285,0.99218976,1
10,0.0,2.56,4,0.9018943758843817,0.7216680181583691,0.6584453534015702,0.7862447146080369,0.8893237542687451,1.047629319167815,0.8917457976203725,0.965787975309982,0.99218965,1
10,0.0,4.0,4,0.6597624257922091,0.9130079281669503,0.6584374729642785,0.9613733174493544,0.9013413093684001,1.012679831750948,0.9506033818881972,1.2196307845935221,0.99218965,1
10,1.25,0.390625,4,0.18792031782268726,0.3727223514455956,0.6591052528369211,0.5150931233708712,0.8727064669134751,0.12822021267283334,0.2666869845138649,0.26185472764070705,0.03924352,0
10,1.25,1.5625,4,0.14486282101294978,0.42644749984318586,0.559517215265813,0.45088056430048373,0.7679611919196839,-0.840327869337766,0.15099400489931178,0.11846798169794244,-0.11199728,0
10,1.25,3.515625,4,0.8672645689519242,1.5023992750019148,0.3540140337305943,0.8495477263308167,0.46998095895063197,0.09999533341004652,0.209842251786734,-0.07682647739561027,0.022506267,0
14,1.45,0.0,2,0.8801696682400005,0.727927230046577,0.6937863642198412,0.6160618081132401,0.5132094677760365,0.9332547441771308,0.9395014452740346,0.9693234925003167,0.99218976,1
14,0.0,0.0,2,0.11752614439345155,0.27191070835038966,0.6586733406618678,0.3842967858541369,0.4816293682935494,0.08985719241709633,0.24643829136546136,0.08329301640372164,-0.13485464,0
14,1.45,1.0,4,-0.5120349682990623,0.011257263473691492,0.6149191274904752,0.3496834634366196,0.835011450567809,-0.977252539430292,-0.7234196658078805,-0.8770436012898137,-0.97325027,-1
14,1.45,4.0,4,0.6934087801965204,0.41335591869319,0.3546142473218328,0.3220003439380541,0.524383098425366,1.0999777236765103,0.5532544378698221,0.6547845924042494,0.99218965,1
14,1.45,9.0,4,-0.908297177840396,-0.8379138352882408,-0.6394616119219987,-0.492740899351107,-1.1695729413326394,-1.0999866961007807,-0.6996753929578774,-0.5991032692595251,-0.19400957,-1
14,1.45,0.0,4,0.8694268686353864,0.7465706240119309,0.6932275515955911,0.697427205846349,0.8993033861561923,0.9724473758483936,0.9506033818881972,0.9670291590031986,0.99218965,1
14,0.0,0.11890606420927399,4,0.8572518018604852,0.7451721135649984,0.689235294225801,0.7020121009534105,0.8956358334745823,0.9138629786651973,0.9506033818881972,0.9786254827591447,0.99218965,1
14,0.0,0.4756242568370979,4,0.9112897520280824,0.8158037742713452,0.6976677678470437,0.7649802008165247,0.908104809464515,1.1751533470861841,0.9506033818881972,0.969291989336775,0.99218965,1
14,0.0,1.070154577883472,4,1.1953850445985665,1.146382193002132,0.660428648200776,0.8328255744924953,0.8729750985676994,0.9151458407650819,0.9506033818881972,1.1316073768933148,0.9921683,1
14,0.0,1.902497027348395,4,0.8950569860351151,0.7230257042277192,0.6584416927483131,0.7263271995263557,0.8835427639037529,0.8772542661309086,0.9506033818881972,0.9573851119574358,0.99218976,1
14,0.0,2.9726516052318672,4,0.7448078409454267,0.7673483202757881,0.6584360220687211,0.8341822746368688,0.8927121714971158,1.099116399369795,0.9506033818881972,0.9895801413277988,0.99218965,1
14,0.0,4.280618311533889,4,0.6126619561440235,0.9569299593594313,0.6584432628715975,0.9957261726754015,0.9036960189316718,0.9437218782730139,0.8903110758408269,0.8546264023867278,0.99218965,1
14,1.45,0.525625,4,0.175253368087965,0.3769614844935971,0.6520993418765673,0.5210566302421009,0.8652292058945865,0.01928721224668495,0.15099400489931178,-0.28147240355800446,-0.08126721,0
14,1.45,2.1025,4,0.2023189128284314,0.5264841778948242,0.5223563559706816,0.537270808621483,0.7139785042843446,-0.6121619104172242,0.15099400489931178,0.12461533974742814,0.13646038,0
14,1.45,4.730624999999999,4,0.631793139798816,1.125218347184863,0.17329409276917984,0.4323849409910667,0.1855739459743373,0.09997456708230112,0.5532544378698221,-0.5991032692595251,0.01149562,0
16,1.55,0.0,2,0.8807556193624605,0.728062604790976,0.6939823687367495,0.6159330811715756,0.513491972334106,0.937998210354277,0.9395014452740346,0.9693234925003167,0.99218976,1
16,0.0,0.0,2,0.11779764995502251,0.27203149502103074,0.6587306261604413,0.38429313657470393,0.4817099780800481,0.09173306046207275,0.24643829136546136,0.08329301640372164,-0.13296694,0
16,1.55,1.0,4,-0.5014137478801645,0.021231933381042567,0.6180540332120168,0.3593566555472156,0.8383629837577227,-0.8999794736025524,-0.7234196658078805,-0.8770436012898137,-0.9730834,-1
16,1.55,4.0,4,0.505225272590465,0.23719143718211722,0.36526113853038306,0.259509306809234,0.5411993388207138,1.0852635374793533,0.5532544378698221,0.7026932023215228,0.99218965,1
16,1.55,9.0,4,-0.44157714831784756,-0.663253423853389,-0.6388796920277164,-0.7064214545571829,-1.1553106533661444,-1.05597586414889,-0.6996753929578774,-0.5991032692595251,-0.8798543,-1
16,1.55,0.0,4,0.8728675908485853,0.7490637707251796,0.6936429129162685,0.6986790321491086,0.8997793282217561,0.9836300770723949,0.9506033818881972,0.9693234925003167,0.99218965,1
16,0.0,0.10405827263267402,4,0.8555549787388655,0.7448915400050119,0.6891726272891633,0.7026883520417545,0.8951789438135319,0.8999868112033949,0.9506033818881972,0.9601995276985613,0.99218965,1
16,0.0,0.416233090530697,4,0.9008960004342156,0.8051483196754392,0.6963235640711364,0.755453983606978,0.905998907955593,1.1465942902748947,0.9506033818881972,0.9701352548383018,0.99218965,1
16,0.0,0.936524453694068,4,0.8985610300438792,0.8419528902620629,0.6589583948744968,0.7457648379669404,0.8673950663226607,0.980980734378083,0.9506033818881972,0.9710969871519977,0.99218976,1
16,0.0,1.664932362122788,4,0.6102211545330646,0.768765861052617,0.6584427551447037,0.7240519316201268,0.8826487194345463,0.8974398283940741,0.8917457976203725,0.9063315661296255,0.99218976,1
16,0.0,2.601456815816857,4,0.9088660520657043,0.729236823810116,0.6584455127446496,0.7914374619687824,0.8896724047896045,1.0550483894086864,0.8917457976203725,0.965787975309982,0.99218965,1
16,0.0,3.746097814776275,4,1.1271208754435946,0.8742425269094903,0.6584498438732107,0.9300466462126464,0.8992259676683528,1.0597703583800535,0.8917457976203725,0.9742508979622378,0.99218965,1
16,1.55,0.6006250000000001,4,0.17348807178450432,0.3802932375136493,0.6483732412158527,0.5215107128215972,0.8616463992099646,-0.006789198094448334,0.15099400489931178,-0.20217461387453023,-0.11261523,0
16,1.55,2.4025,4,0.22323525031653435,0.5373559395016256,0.4994722261211244,0.5630312577842509,0.6795538685156696,-0.38013012147092295,0.15099400489931178,0.2006961715112667,0.13284673,0
16,1.55,5.4056250000000015,4,-0.49851803454422605,0.35363525402717405,0.028196008941723805,-0.20837070640739463,-0.04492415081704271,-0.09995254754027671,-0.51745714019426,-0.5991032692595251,0.017199606,0
19,1.7000000000000002,0.0,2,0.881464225856149,0.7283198977633566,0.694295992900365,0.6158887759218937,0.5139254460074941,0.9451338034825025,0.9395014452740346,0.9693234925003167,0.99218976,1
19,0.0,0.0,2,0.11817911669234593,0.27231477338985743,0.6588066323852324,0.3844346272440563,0.4818028557847568,0.09385909456746733,0.24643829136546136,0.06169617952291613,-0.13055661,0
19,1.7000000000000002,1.0,4,-0.49192890591736227,0.030545917869684858,0.6216233021199711,0.36843023521112134,0.8423459457521865,-0.8057694595254037,-0.7234196658078805,-0.8777306883736317,-0.9729006,-1
19,1.7000000000000002,4.0,4,0.3788000564413777,0.15154095316024518,0.3781474276723114,0.241384913381667,0.5593182472390108,1.0704132480270059,0.5532544378698221,0.7426548230791035,0.99218965,1
19,1.7000000000000002,9.0,4,-0.8256560560795522,-0.6275929269773323,-0.6166134456397017,-1.0103305358496302,-1.1173036024356646,-1.0739923688355617,-0.6996753929578774,-0.5991032692595251,-0.9904038,-1
19,1.7000000000000002,0.0,4,0.87782914124476,0.7530534577799145,0.6943072899049594,0.7009454698755047,0.9005080923289237,1.000385477848614,0.9506033818881972,0.9693234925003167,0.99218965,1
19,0.0,0.08650519031141869,4,0.8535973496711192,0.7440864637262791,0.6890783775344191,0.7029038277052286,0.8946716234531669,0.8834893012880412,0.9506033818881972,0.9818171175209603,0.99218965,1
19,0.0,0.34602076124567405,4,0.8894681433275337,0.7888814416634419,0.6942725414888231,0.740162745535393,0.9032927810979655,1.1007717893698907,0.9506033818881972,0.9758392517046017,0.99218965,1
19,0.0,0.7785467128027681,4,0.8896460674997683,0.8133637259980738,0.6591737183732174,0.7223708589719438,0.866856435099266,0.8663572274792171,0.9506033818881972,0.9862248543795831,0.99218965,1
19,0.0,1.3840830449826989,4,0.8906820831695369,0.7832338520154118,0.6608454875944759,0.7248272364141953,0.8809961027919155,0.8286804860078587,0.8903110758408269,1.0762342928449324,0.99218976,1
19,0.0,2.1626297577854667,4,1.4273039676234447,0.771467185195483,0.658441314393853,0.7502169349110581,0.8858350705841453,0.9586575069036383,0.9491686601086513,0.9560728089798463,0.99218976,1
19,0.0,3.1141868512110715,4,0.7571071012245055,0.7765348580423294,0.658436866367669,0.8517582336644507,0.8939154262344926,1.1044360621406395,0.9491686601086513,1.033396655663643,0.99218965,1
19,0.0,4.238754325259516,4,0.9927971340309226,0.9502935728423506,0.658439130505409,0.9906118923432989,0.9033435814249468,0.9550456359344293,0.9491686601086513,0.9535940964483245,0.99218965,1
19,1.7000000000000002,0.7224999999999989,4,0.17554132211573392,0.39136158819930056,0.6420685009043205,0.5240113421562262,0.8554020445355957,-0.03384163095337156,0.15099400489931178,-0.19242734913970466,-0.13423434,0
19,1.7000000000000002,2.889999999999999,4,0.26263866972492156,0.522267872721686,0.4565943401804536,0.5856390030263612,0.6130643503600377,-0.10000076205277564,0.15099400489931178,0.00842618046354269,0.045408413,0
21,1.8,0.0,2,0.8807351216110958,0.7265061137121366,0.6943223227587416,0.614131191914646,0.5141210629090116,0.9484057219725597,0.9395014452740346,0.9693234925003167,0.99218976,1
21,0.0,0.0,2,0.11857256578788611,0.2726598739331184,0.6588568789915512,0.38465128510309454,0.4818541638989817,0.09504375545112653,0.24643829136546136,0.05981137659665984,-0.12889475,0
21,1.8,1.0,4,-0.499590736794005,0.016970201811739027,0.6218734149301977,0.3571149455270988,0.8436620867795293,-0.7823339342825295,-0.7234196658078805,-0.8777306883736317,-0.97319365,-1
21,1.8,4.0,4,0.47047735746279773,0.15996273944050865,0.37946904016481425,0.22025881138941172,0.5645784216456472,1.0406479400938946,0.5532544378698221,0.8009254383340336,0.99218965,1
21,1.8,9.0,4,-0.4108588071411675,-0.6137191113345378,-0.6074654711863843,-1.1510924021075395,-1.1052733586789372,-1.080083729308398,-0.6996753929578774,-0.5991032692595251,-0.99717975,-1
21,1.8,0.0,4,0.8794583371595194,0.7526741810970642,0.6944652461525379,0.699747800286564,0.9008516472267112,1.008793438461883,0.9506033818881972,0.9693234925003167,0.99218965,1
21,0.0,0.0771604938271605,4,0.8528715914774095,0.7436362491074161,0.6890344347754553,0.7028628524219698,0.8944296661253232,0.8750351933811271,0.9506033818881972,0.9818171175209603,0.99218965,1
21,0.0,0.30864197530864196,4,0.8910188732630359,0.7930896141515257,0.6944157133118886,0.7437633017201918,0.9024629130641966,1.0835146660166441,0.9506033818881972,0.9758392517046017,0.99218965,1
21,0.0,0.6944444444444441,4,0.8887182119915166,0.9744528984222214,0.7027461937819782,1.011264451743501,0.892553672174011,1.1094759451994247,0.9506033818881972,0.9641111476053754,0.99218965,1
21,0.0,1.2345679012345678,4,1.263398980337584,1.2117138847417337,0.6606378066197425,0.8699176189722133,0.8738644415509138,1.030953965565463,0.9506033818881972,0.8861424222588632,0.99218976,1
21,0.0,1.929012345679012,4,0.9027423132290692,0.7302177411938685,0.6584416415542199,0.7302536566094973,0.8837559445977432,0.8878598404771947,0.9506033818881972,0.9573851119574358,0.99218976,1
21,0.0,2.7777777777777786,4,0.710425723015831,0.7353338231751503,0.658438048751778,0.8102914458959087,0.8910873112673685,1.0815336978421937,0.9506033818881972,0.9895801413277988,0.99218965,1
21,0.0,3.780864197530865,4,0.618155336198157,0.8791842807399536,0.6584386111584756,0.934381049270095,0.899507530665457,1.0542780651608905,0.9506033818881972,1.0272770620323968,0.99218965,1
21,1.8,0.81,4,0.17798563237988663,0.3947608592240204,0.6360230983370183,0.5165202217841448,0.8498643747000926,-0.06175170004504649,0.15099400489931178,-0.18996308834841158,-0.18061203,0
21,1.8,3.24,4,0.4316414353305048,0.5451668105670795,0.41667226378183597,0.5763010897844119,0.5534619847901937,-0.04259958451176571,0.15099400489931178,-0.10807210013993387,0.062200874,0
22,1.85,0.0,2,0.8807490652304607,0.726172586360505,0.69439350910345,0.6137436022222337,0.5142540389648544,0.9505618696108269,0.9395014452740346,0.9693234925003167,0.99218965,1
22,0.0,0.0,2,0.11871826414095199,0.2728162323970298,0.6588811339160464,0.38476360836642687,0.4818776463073474,0.0955702357410968,0.24643829136546136,0.05981137659665984,-0.12813592,0
22,1.85,1.0,4,-0.49883746871246626,0.015543121258727477,0.6223440116489449,0.35535481364663535,0.8444693174276788,-0.7628278652592075,-0.7234196658078805,-0.8777306883736317,-0.973228,-1
22,1.85,4.0,4,0.4843237026211965,0.17726683619460326,0.38120282455345694,0.22146138780446872,0.5677046426877893,1.0353247174190128,0.5532544378698221,0.8009254383340336,0.99218965,1
22,1.85,9.0,4,-0.817716083657743,-0.7765689670217918,-0.5992263315040411,-1.1748187086488078,-1.0945190145020787,-1.079261477065531,-0.6996753929578774,-0.5991032692595251,-0.99626946,-1
22,1.85,0.0,4,0.880901201475396,0.7534847674031155,0.694647223452298,0.7000143969959391,0.9010860034217076,1.0140987276578284,0.9506033818881972,0.9693234925003167,0.99218965,1
22,0.0,0.07304601899196493,4,0.8522677470824646,0.7430841543122128,0.6889954978911816,0.7025536477937432,0.8943219588567768,0.8711472882928644,0.9506033818881972,0.9779911089626391,0.99218965,1
22,0.0,0.292184075967859,4,0.8879647346718399,0.7893701398583904,0.6939347918361992,0.7405682133054206,0.9017852470317387,1.069980322537067,0.9506033818881972,0.9758392517046017,0.99218965,1
22,0.0,0.6574141709276841,4,0.8938234030631803,0.9753514619321922,0.7019502008597337,1.0039677006039442,0.8917823398251332,1.0893256745221334,0.9506033818881972,1.025327854559839,0.99218965,1
22,0.0,1.168736303871438,4,1.2348531812675532,1.1860333525630822,0.6605540952877919,0.8551834077795,0.8735152812352023,0.9860004988314199,0.9506033818881972,1.2090327642584906,0.99219,1
22,0.0,1.826150474799122,4,0.8885244535316444,0.7086304628718453,0.6584418660729702,0.7161650960240186,0.8829188505308642,0.846380808903366,0.9506033818881972,0.9573851119574358,0.9921895,1
22,0.0,2.629656683710737,4,0.912237511554494,0.7344079280897428,0.6584457035730426,0.7949748309352284,0.889909749017182,1.0597931263666038,0.8917457976203725,0.965787975309982,0.99218965,1
22,0.0,3.579254930606281,4,1.0714491435406757,0.8483930065614171,0.6584482837342963,0.9095139483296729,0.8978279474687667,1.0820589719005125,0.8917457976203725,0.9742508979622378,0.99218965,1
22,1.85,0.8556250000000001,4,0.1804834135607648,0.3995111585630019,0.633172262820027,0.5154354487969407,0.8471109250200584,-0.0683256263859664,0.15099400489931178,-0.18948057048862693,-0.18650642,0
22,1.85,3.4225,4,0.48410206170031234,0.5312182095072508,0.395257396222663,0.5610054036378267,0.5207085431511688,-0.02356474993578983,0.20132319557492923,0.09828755526899341,0.064306915,0
23,1.9,0.0,2,0.88076058747842,0.7258131212744013,0.694466247084209,0.6133289140431137,0.5143916819532974,0.9527825578881601,0.9395014452740346,0.9693234925003167,0.99218965,1
23,0.0,0.0,2,0.11886371321928368,0.27297908150571326,0.6589052545384347,0.38488402687650647,0.4819001624936366,0.09607152954576437,0.24643829136546136,0.05981137659665984,-0.12738615,0
23,1.9,1.0,4,-0.49809237416714336,0.013892124372725467,0.6227589294291878,0.3532366308042339,0.8452383431281807,-0.7437955483299095,-0.7234196658078805,-0.8777306883736317,-0.9732647,-1
23,1.9,4.0,4,0.5055644138770815,0.19769914573737934,0.38266917995991123,0.22218086358109723,0.5705822800069673,1.0291095255808327,0.5532544378698221,0.8033316579638955,0.99218965,1
23,1.9,9.0,4,-1.077918916952413,-0.9299079405192822,-0.5916241096602681,-1.17412131898952,-1.0845788202866684,-1.078509158654047,-0.6996753929578774,-0.5991032692595251,-0.9949018,-1
23,1.9,0.0,4,0.8823580300682606,0.754280845577983,0.6948338419939668,0.7002602598009524,0.9013287293244481,1.0195209389482796,0.9506033818881972,0.9693234925003167,0.99218965,1
23,0.0,0.06925207756232686,4,0.8516792488510986,0.7424826723971795,0.688957449203522,0.7021769858719151,0.8942283184103127,0.8676267936190283,0.9506033818881972,0.9779911089626391,0.99218965,1
23,0.0,0.277008310249307,4,0.8849753358589821,0.7857254778217715,0.6934636751021561,0.7374768287712408,0.9011349407380608,1.0566270056750011,0.9506033818881972,0.9758392517046017,0.99218965,1
23,0.0,0.6232686980609411,4,0.8980853989056924,0.9753502762295918,0.7011793436058744,0.9967179079368471,0.8910596436321906,1.069354286446345,0.9506033818881972,1.011518062841214,0.99218965,1
23,0.0,1.108033240997229,4,1.2124300675255455,1.1629989998215646,0.660480568744891,0.8418290019625042,0.8731830842313859,0.9436601013763419,0.9506033818881972,1.149957221269287,0.9921868,1
23,0.0,1.731301939058171,4,0.5823570130095418,0.7820764545392921,0.6584428188264294,0.7339116199376516,0.8832605366538916,0.9331509096644521,0.8917457976203725,0.9063315661296255,0.99218976,1
23,0.0,2.493074792243767,4,0.8552034032086054,0.7360418458695437,0.6584458279353572,0.7802010934483448,0.8888108913328048,1.0336675829201494,0.8903110758408269,0.9722662134041875,0.99218965,1
23,0.0,3.3933518005540164,4,0.6762345306070755,0.8204022703284154,0.6584495068006269,0.8864813598842526,0.8962787794803464,1.0981387797875652,0.8903110758408269,1.0388253886575674,0.99218965,1
23,0.0,4.432132963988919,4,0.6339440390833885,0.9803800926254184,0.6584433858720228,1.0143608513437785,0.9049647239740037,0.8999855938982404,0.8903110758408269,0.6502022006682292,0.99218965,1
23,1.9,0.9025,4,0.1835514217248856,0.4049090937798897,0.6301997796496803,0.5142887670830528,0.8442354555170071,-0.07299286250876547,0.15099400489931178,-0.18948057048862693,-0.18953562,0
23,1.9,3.61,4,0.5439564777461782,0.5136046529456617,0.3718971119709352,0.5372351495169972,0.48501307829237017,-0.009031768514130345,0.209842251786734,-0.07203913398494402,0.06743644,0
26,2.05,0.0,2,0.8806857365128592,0.7242329724989481,0.6946631940119917,0.6115687025310194,0.5148250769798337,0.9596438911279717,0.9395014452740346,0.9693234925003167,0.99218965,1
26,0.0,0.0,2,0.11931503713360303,0.2733708978676117,0.6589572320439167,0.38512417058377946,0.4819524669719569,0.0972733342533485,0.24643829136546136,0.05533951563293447,-0.12566125,0
26,2.05,1.0,4,-0.49889392083328243,-0.005634420563925824,0.6220424518358489,0.330476163958046,0.8465013405819224,-0.7183947022752437,-0.7234196658078805,-0.8777306883736317,-0.9738047,-1
26,2.05,4.0,4,0.7009281872241643,0.27855156941972437,0.378540622418428,0.18014469433895536,0.5733497141896532,0.9644208269203216,0.5532544378698221,0.7432918590419046,0.99218965,1
26,2.05,9.0,4,-0.05322622155780732,-0.9155421107519289,-0.5958925640621011,-1.1156699243551835,-1.0827845153028997,-1.0836875345127928,-0.6996753929578774,-0.5991032692595251,-0.9894664,-1
26,2.05,0.0,4,0.8872804570906111,0.7567567099575159,0.695426346437608,0.7008969371460438,0.9021173464400489,1.036409030072765,0.9506033818881972,0.9693234925003167,0.99218965,1
26,0.0,0.05948839976204641,4,0.8498794777591171,0.7399272621057041,0.6887968244274347,0.7001898841877574,0.8939984046642807,0.8585521885688974,0.9506033818881972,0.9779911089626391,0.99218965,1
26,0.0,0.23795359904818505,4,0.8756288753091893,0.7624921078773302,0.6896962646509717,0.7108970864077753,0.8979247781852959,1.004207128731768,0.9506033818881972,0.9785551332418544,0.99218965,1
26,0.0,0.5353955978584171,4,0.8982798795260861,0.9647425210298508,0.6986648703178358,0.9719158567127203,0.8888883498172305,1.0113077649597,0.9506033818881972,1.1516837536388673,0.99218965,1
26,0.0,0.951814396192742,4,0.9050776457586805,0.8497856349189299,0.6589481481133259,0.7498011814230867,0.8674102937142839,0.9951536084997099,0.9506033818881972,0.9710969871519977,0.99218976,1
26,0.0,1.4872099940511598,4,0.8997584683133794,0.8082988203180255,0.661013075486729,0.7418974049858484,0.8819993113180867,0.8947396987207594,0.8903110758408269,0.8801966552427061,0.99218976,1
26,0.0,2.141582391433671,4,1.4360008295089415,0.7685502096703267,0.6584413657312349,0.7476658473443426,0.8856588384648412,0.9521560160905165,0.9491686601086513,0.9544620569272689,0.99218976,1
26,0.0,2.914931588340274,4,0.7388421450008876,0.757889018225657,0.6584366983420189,0.8271018717483539,0.8922309649366833,1.0951018321153794,0.9506033818881972,0.9895801413277988,0.99218965,1
26,0.0,3.80725758477097,4,0.6237185401383981,0.8832582090313524,0.6584384785245303,0.9376317798589794,0.8997284022414438,1.049877006760529,0.9506033818881972,1.0272770620323968,0.99218965,1
26,2.05,1.050625,4,0.19215060748423685,0.4125553963901948,0.6187386729243411,0.49633816895267474,0.8337844233782663,-0.09930773348487376,0.15099400489931178,-0.25760186916640515,-0.2420499,0
26,2.05,4.2025,4,0.8914307276050691,0.4351276015499056,0.2796004986560926,0.35867989070264605,0.3493508825757409,0.03486608051565954,0.5532544378698221,-0.2736388871826612,0.07512738,0
27,2.1,0.0,2,0.8807342938429769,0.7237530550824821,0.6947448622566987,0.6110051465208964,0.5149897411294071,0.962226065388283,0.9395014452740346,0.9693234925003167,0.99218965,1
27,0.0,0.0,2,0.11938641793759064,0.273429094141302,0.6589689445491503,0.38515527046454645,0.48196614438574475,0.09758046376190466,0.24643829136546136,0.05533951563293447,-0.12529099,0
27,2.1,1.0,4,-0.49727130413644727,-0.007330516370589457,0.6224071640599276,0.3277854327439125,0.8472742198018702,-0.699217852317513,-0.7234196658078805,-0.8777306883736317,-0.9738568,-1
27,2.1,4.0,4,0.720421780356247,0.28889276033178557,0.37951733820986033,0.17330135044624456,0.5760007707766787,0.9506008979750473,0.5532544378698221,0.7428891954822816,0.99218965,1
27,2.1,9.0,4,-0.21249650713697588,-0.9491547366662695,-0.5920885004008409,-1.089356973193523,-1.075195712048402,-1.0857286122417604,-0.6996753929578774,-0.5991032692595251,-0.9886291,-1
27,2.1,0.0,4,0.8888210853451709,0.7574526777406999,0.6956285889682512,0.7009954961094469,0.902396644519537,1.0422211593726627,0.9506033818881972,0.9693234925003167,0.99218965,1
27,0.0,0.056689342403628114,4,0.84935637934133,0.7391673772634845,0.6887678257858572,0.6995869181109498,0.8939588251319872,0.8563779380443504,0.9506033818881972,0.9779911089626391,0.99218965,1
27,0.0,0.22675736961451198,4,0.8739423130898557,0.7619365888865545,0.6896792677271776,0.7113445253768068,0.8976156135365996,0.9952334686249071,0.9506033818881972,0.9835423265090568,0.99218965,1
27,0.0,0.5102040816326531,4,0.8993757489715647,0.9626951402969468,0.6980535158812663,0.9656481843944258,0.8883430479595518,0.993886582736526,0.9506033818881972,1.1507919340514743,0.99218965,1
27,0.0,0.907029478458049,4,0.9019188101845969,0.841107333563252,0.6590143591919031,0.7429730699273097,0.8672743850349195,0.9631849604067821,0.9506033818881972,0.9710969871519977,0.99218976,1
27,0.0,1.4172335600907031,4,0.8967593067150686,0.7927465787219696,0.6609010606101622,0.7306713237148921,0.8813248643153007,0.8512158680864457,0.8903110758408269,0.90322513735502,0.99218976,1
27,0.0,2.040816326530612,4,1.3884325205801389,0.7447198543472143,0.658441643405939,0.7343004701987188,0.8848276518059133,0.9184611813187087,0.9491686601086513,0.9544620569272689,0.99218976,1
27,0.0,2.777777777777777,4,0.7101280112208456,0.7352853158470506,0.658438062549141,0.8102935855369375,0.8910874001120598,1.0815324786923566,0.9506033818881972,0.9895801413277988,0.99218965,1
27,0.0,3.628117913832199,4,1.0877702409452752,0.8559622478859569,0.6584486969562587,0.9155272377044519,0.8982373541828961,1.076277210532798,0.8917457976203725,0.9742508979622378,0.99218965,1
27,2.1,1.1025,4,0.19686867556757182,0.4199333358304659,0.6152791899493156,0.49477418436114506,0.8303983083543561,-0.09411869649352012,0.15099400489931178,-0.10760701398962191,-0.22948423,0
27,2.1,4.41,4,0.9205343365084245,0.3678080782619628,0.2457468931778165,0.274936769853537,0.2975555211892456,0.0798757075687484,0.5532544378698221,-0.5504506429967169,0.07778624,0
28,2.15,0.0,2,0.8826676892909119,0.7283408041006001,0.694828042679603,0.6153297152536239,0.5147089271799565,0.9578773010405652,0.9395014452740346,0.9693234925003167,0.99218965,1
28,0.0,0.0,2,0.11935720001351047,0.2736979282761075,0.6589802745873837,0.3854580412510197,0.4819515314838305,0.0973902515359737,0.24643829136546136,0.05533951563293447,-0.12457892,0
28,2.15,1.0,4,-0.4869081523890487,0.01408336034350588,0.62278354757264,0.3481192811893525,0.8459228269240486,-0.7237686636539808,-0.7234196658078805,-0.8777306883736317,-0.97336686,-1
28,2.15,4.0,4,0.5492099478564255,0.2713345207088773,0.37993297610453547,0.217198348182505,0.5700330736661176,1.0180606846740088,0.5532544378698221,0.6960600207558564,0.99218965,1
28,2.15,9.0,4,-0.8504582108254369,-1.6365269185415219,-0.5992517902384913,-1.1008709625360145,-1.1,-1.0946978176480624,-0.6996753929578774,-0.5991032692595251,-0.9885889,-1
28,2.15,0.0,4,0.8925400372655047,0.7646847467302011,0.695834167370543,0.7074753781259402,0.9020929135183211,1.0393443731064491,0.9506033818881972,0.9693234925003167,0.99218965,1
28,0.0,0.054083288263926436,4,0.8497683663014043,0.7414833161502845,0.6887429264684719,0.701982445471538,0.8936523396047615,0.8497268449075261,0.9506033818881972,0.9779911089626391,0.99218965,1
28,0.0,0.21633315305570505,4,0.8684418745115606,0.750258243178241,0.6896508118204894,0.7007473904455894,0.8983299025265055,1.001692007990148,0.9506033818881972,0.9819653836493554,0.99218965,1
28,0.0,0.4867495943753381,4,0.9105732568739454,0.8218216295941697,0.6976065539844225,0.7722808871706024,0.9074987892053179,1.1727066870051073,0.9506033818881972,0.969291989336775,0.99218965,1
28,0.0,0.8653326122228231,4,0.8951930455547482,0.830705021542505,0.6590655795085155,0.7361266022661013,0.8670989680722972,0.934495814101528,0.9506033818881972,0.9710969871519977,0.99218976,1
28,0.0,1.3520822065981608,4,0.8928523011198876,0.7788493239564905,0.6608176510546964,0.7205892104199854,0.8807076665855327,0.8105054202499855,0.8903110758408269,1.0769080183128064,0.99219,1
28,0.0,1.946998377501352,4,0.8833978363466882,0.7331926756995197,0.658441599763258,0.7327165541903318,0.8839020457743396,0.8948358851084106,0.9506033818881972,0.9573851119574358,0.99218976,1
28,0.0,2.650081124932396,4,0.9101371175105725,0.7381583570608413,0.6584458356909729,0.7975262909359029,0.8900813888761675,1.0630813943432469,0.8917457976203725,0.965787975309982,0.99218965,1
28,0.0,3.4613304488912924,4,0.6823169843664799,0.8310123549805263,0.6584502597949166,0.8948273777273722,0.8968490839985572,1.0933191922205094,0.8903110758408269,1.050167182794591,0.99218965,1
28,0.0,4.380746349378043,4,0.6267461599072844,0.9724269148885615,0.6584433447302913,1.0080408231778306,0.9045344396366717,0.9152924757000176,0.8903110758408269,0.6771276416187689,0.99218965,1
28,2.15,1.155625,4,0.19834820958610055,0.4442958787060597,0.6117205454459614,0.5172753105986164,0.8243381588403003,-0.12582855684439265,0.15099400489931178,-0.16385172999604072,-0.16616175,0
28,2.15,4.6225000000000005,4,0.22923873216717527,0.04649908021197213,0.2054645723243147,0.16936083139172275,0.22725773286941903,0.10003948678193675,0.5532544378698221,-0.5919127617147346,0.053065985,0
30,2.25,0.0,2,0.8831673975248292,0.7288902853403016,0.695005246084333,0.615718653498876,0.5149155937310895,0.9611772834153922,0.9395014452740346,0.9693234925003167,0.99218965,1
30,0.0,0.0,2,0.11948365027319585,0.27385841334045213,0.659001122579363,0.3855809223355276,0.4819691682933589,0.0978106327307029,0.24643829136546136,0.05533951563293447,-0.12355825,0
30,2.25,1.0,4,-0.4837383810627359,0.016289577583530557,0.6236263934097425,0.349212818264742,0.8469823736926574,-0.6930116882289741,-0.7234196658078805,-0.8777306883736317,-0.9732903,-1
30,2.25,4.0,4,0.5744273901475622,0.2795782139925077,0.3821695568929028,0.2161339159255855,0.5734467517337825,1.0106422914046829,0.5532544378698221,0.7429429236441375,0.99218965,1
30,2.25,9.0,4,-0.9939362720059678,-1.571124359636345,-0.5923701959446439,-1.0402790640588764,-1.09036262938033,-1.0943988829520808,-0.6996753929578774,-0.5991032692595251,-0.9876528,-1
30,2.25,0.0,4,0.8959889001521616,0.7678040529935702,0.6962612594245238,0.7094495112602253,0.9025145979424212,1.0490377137161926,0.9506033818881972,0.9693234925003167,0.99218965,1
30,0.0,0.04938271604938271,4,0.8491620438656894,0.7410323998370756,0.6887076698630978,0.7017784711120589,0.8935293828912722,0.8450878932680053,0.9506033818881972,0.9779911089626391,0.99218965,1
30,0.0,0.19753086419753,4,0.8659846356128326,0.7486472506965408,0.6895585710157532,0.7005339453096477,0.8978269882964401,0.98625069548287,0.9506033818881972,0.9762613867830554,0.99218965,1
30,0.0,0.444444444444444,4,0.9054941549936756,0.8127022001214019,0.6963718309064801,0.7628235841037224,0.9059195370508426,1.1500569954584887,0.9506033818881972,0.9701352548383018,0.99218965,1
30,0.0,0.7901234567901231,4,0.8957545824756749,0.8197205932807555,0.6591611184196811,0.725644111073029,0.8668437943381346,0.8792298378553665,0.9506033818881972,0.9862248543795831,0.99219,1
30,0.0,1.2345679012345678,4,1.248486106849441,1.2007086007362116,0.660650086278986,0.8662579663229146,0.8739699792164883,1.0237593139502974,0.9506033818881972,0.9132553716180426,0.99218976,1
30,0.0,1.7777777777777768,4,0.8754384888081715,0.6988762230166569,0.6584419512988371,0.7096759330810328,0.8825231894026762,0.8259666773292946,0.9506033818881972,0.9573851119574358,0.99218714,1
30,0.0,2.419753086419752,4,0.8304859750308821,0.7223762673438733,0.6584452915404972,0.7708853975676347,0.888190386223186,1.017828516470534,0.8903110758408269,0.9617862507007764,0.99218965,1
30,0.0,3.160493827160493,4,0.7445063359352843,0.7837083414389953,0.6584363563047901,0.8574310357222129,0.8943023167228763,1.1049882297507776,0.9491686601086513,1.033396655663643,0.99218965,1
30,0.0,4.0,4,0.6573916166044141,0.9129995216224728,0.6584374347461475,0.9613751323886649,0.9013412511427085,1.0126802005558813,0.9506033818881972,1.2196307845935221,0.99218965,1
30,2.25,1.265625,4,0.20869645711942997,0.46884475722092933,0.6044380148083615,0.5241602780348182,0.8161078125975043,-0.11047298986649023,0.15099400489931178,-0.0741843049624872,-0.0919815,0
30,2.25,5.0625,4,-0.09754116406706725,-0.2600804777703407,0.11990260434589595,-0.09912507106063739,0.09091741637975403,0.10001005285938946,0.5532544378698221,-0.5991032692595251,0.048651353,0
31,2.3,0.0,2,0.8834305680615414,0.7292025096470152,0.6950997978876163,0.615950094862617,0.5150234885104201,0.9628927409769443,0.9395014452740346,0.9693234925003167,0.99218965,1
31,0.0,0.0,2,0.1195432973173921,0.2739355905473655,0.6590110119723405,0.3856408736387791,0.4819773644415306,0.0980048174472512,0.24643829136546136,0.05533951563293447,-0.12307766,0
31,2.3,1.0,4,-0.4819557321712865,0.017784744626104132,0.6240938262077248,0.35012584981185957,0.8475405408492086,-0.6767158936497952,-0.7234196658078805,-0.8777306883736317,-0.97324216,-1
31,2.3,4.0,4,0.5846750929332386,0.28198892788050833,0.3834359652149656,0.21577643147494996,0.5752790065539618,1.0069786725310377,0.5532544378698221,0.7408595977926419,0.99218965,1
31,2.3,9.0,4,-1.1729744009652592,-1.5121719855807871,-0.5886364114604254,-1.0148690640986673,-1.0847309790527184,-1.093674746447328,-0.6996753929578774,-0.5991032692595251,-0.9871696,-1
31,2.3,0.0,4,0.8977341687052983,0.769406246496935,0.6964834795777034,0.7104775254792808,0.9027333249987294,1.0539861685617962,0.9506033818881972,0.9693234925003167,0.99218965,1
31,0.0,0.04725897920604915,4,0.8488956251041911,0.7408436717406669,0.6886982276456057,0.7016998533013896,0.8934813390240642,0.8431256019492293,0.9506033818881972,0.9779911089626391,0.99218965,1
31,0.0,0.189035916824196,4,0.8648197689617944,0.7478519241720574,0.6895007207271137,0.7003673064340191,0.8975849956393005,0.9788730740947682,0.9506033818881972,0.9762613867830554,0.99218965,1
31,0.0,0.425330812854442,4,0.9027244367964186,0.8080796681094381,0.6957655330884771,0.7582169564242995,0.9051674124423763,1.1383568466663587,0.9506033818881972,0.9701352548383018,0.99218965,1
31,0.0,0.7561436672967861,4,0.8946979130984686,0.8137361527560011,0.6592002635918552,0.7205567805182964,0.8667308103635145,0.8529495572283321,0.9506033818881972,0.9862248543795831,0.9921887,1
31,0.0,1.1814744801512291,4,1.2273770483013777,1.1805189282151396,0.6605798430200687,0.8545143085010634,0.8736836074398646,0.9878455785375491,0.9506033818881972,1.2439705841151085,0.9921901,1
31,0.0,1.7013232514177692,4,0.5967076260935328,0.7772006124792125,0.6584427870237787,0.7297017811361828,0.8829884140913451,0.9178501953598652,0.8917457976203725,0.9063315661296255,0.99218976,1
31,0.0,2.315689981096408,4,0.8162216238664824,0.702979620624887,0.6584446780977165,0.7577027494866254,0.887310703687088,0.9925271131762412,0.8903110758408269,0.9617862507007764,0.99218965,1
31,0.0,3.0245746691871465,4,0.7738684623866162,0.7626520529040879,0.6584376803471987,0.840773995345988,0.8931664537272892,1.1015782767579805,0.9491686601086513,1.033396655663643,0.99218965,1
31,0.0,3.8279773156899823,4,0.6269443153822748,0.8864571934245563,0.6584383869453192,0.9401836060524974,0.8999018009076862,1.0463023880615947,0.9506033818881972,1.0272770620323968,0.99218965,1
31,2.3,1.322499999999999,4,0.21442598574839156,0.4824280277504014,0.6007054561232518,0.5285624742092676,0.8117801720208527,-0.09767164243165949,0.15099400489931178,-0.07486554317122279,-0.0691548,0
31,2.3,5.289999999999999,4,-0.3671134194739879,-0.4672429269247783,0.07105029710042582,-0.2739420747666207,0.012088539058492942,0.07910562151833433,0.5532544378698221,-0.5991032692595251,0.03125277,0
32,2.35,0.0,2,0.8828971397661148,0.7281693739535472,0.6950657763246552,0.6149952237628393,0.5150634339496005,0.9636068632534003,0.9395014452740346,0.9693234925003167,0.99218965,1
32,0.0,0.0,2,0.1196796799881098,0.2740668171590209,0.6590224441338098,0.3857283158656886,0.4819859768352597,0.09822309784926064,0.24643829136546136,0.05533951563293447,-0.122473925,0
32,2.35,1.0,4,-0.4888653484495792,0.007117966197930148,0.6235026667910346,0.34097752412647747,0.8475400578648061,-0.6801053142343636,-0.7234196658078805,-0.8777306883736317,-0.973454,-1
32,2.35,4.0,4,0.6679350452110241,0.27887228397806296,0.3811036609313564,0.19274350912583293,0.5747083798165358,0.9808356054276257,0.5532544378698221,0.7456945419143365,0.99218965,1
32,2.35,9.0,4,-0.5611199157600738,-1.2182604525535528,-0.5931915292588876,-1.0083179539156255,-1.0895638615886734,-1.0950169248210495,-0.6996753929578774,-0.5991032692595251,-0.98789835,-1
32,2.35,0.0,4,0.898290188521372,0.7688458400552639,0.6964939180157643,0.7095663682366811,0.9028400250121418,1.0570186428847461,0.9506033818881972,0.9693234925003167,0.99218965,1
32,0.0,0.045269352648257134,4,0.8482911971366035,0.7398220233521532,0.6886024509617683,0.700828446462469,0.8933919822799042,0.8404363555702372,0.9506033818881972,0.9787265780088057,0.99218965,1
32,0.0,0.18107741059302804,4,0.8664081887455949,0.7512693402408822,0.6898322420513092,0.7038019922220363,0.8975624372388742,0.9758894720380664,0.9506033818881972,0.9730745881016909,0.99218965,1
32,0.0,0.40742417383431395,4,0.9094114945792738,0.8205481313292036,0.6969282503545475,0.7693687790151551,0.9053965671379303,1.1406820779136848,0.9506033818881972,0.9701352548383018,0.99218965,1
32,0.0,0.724309642372114,4,0.8811825176081952,0.9653335961541472,0.7025213174273957,1.0093567702104278,0.8927148451470828,1.1178467011880753,0.9506033818881972,0.9641742258836455,0.99218965,1
32,0.0,1.1317338162064279,4,1.226161197582016,1.1782478381165915,0.6605167558361051,0.8492652234825958,0.8732589748275833,0.9646693349118789,0.9506033818881972,1.147492960477994,0.992188,1
32,0.0,1.6296966953372571,4,0.6464202956302784,0.7658633892066552,0.6584427243755678,0.7197348924116544,0.882349954552472,0.8812417966282919,0.8917457976203725,0.9063315661296255,0.99218976,1
32,0.0,2.218198279764599,4,1.4863263311142845,0.7873122053659283,0.65844109667843,0.757935656086325,0.8862886807090142,0.9758555123212926,0.9491686601086513,0.9560728089798463,0.99218965,1
32,0.0,2.897238569488456,4,0.7416527390593898,0.7548983625753312,0.6584368778131178,0.8249334434251725,0.8920834912256373,1.0936697741709236,0.9506033818881972,0.9895801413277988,0.99218965,1
32,0.0,3.666817564508828,4,1.107124493696361,0.8619602013093196,0.6584491164820127,0.9202896583721316,0.8985616876093818,1.071255549951506,0.8917457976203725,0.9742508979622378,0.99218965,1
32,2.35,1.380625,4,0.22443389280954296,0.4964165472197474,0.5954924265150964,0.5256569453943655,0.8063997897108356,-0.10004726872801539,0.15099400489931178,0.08351994039663346,-0.047546268,0
32,2.35,5.522500000000001,4,0.062214345502340396,-0.5241990830392708,0.012513621112324347,-0.4531876622342955,-0.08191956744941498,0.011238472065531191,-0.49242098616295876,-0.5991032692595251,0.009239823,0
34,2.45,0.0,2,0.8831199079958337,0.7282069744287292,0.695205325421925,0.614923288923144,0.5152604790972145,0.9667823852509554,0.9395014452740346,0.9693234925003167,0.99218965,1
34,0.0,0.0,2,0.11981478369460763,0.27423271139584704,0.6590416658349374,0.3858539815406523,0.48200131350665565,0.09858687751220829,0.24643829136546136,0.05533951563293447,-0.12153506,0
34,2.45,1.0,4,-0.4873791674653206,0.006230001159878817,0.6240764630963713,0.33930109864379815,0.8484832392878632,-0.6532328275132175,-0.7234196658078805,-0.8777306883736317,-0.97344077,-1
34,2.45,4.0,4,0.696523812528241,0.2811091629597232,0.38241802939097486,0.1838496526684235,0.5777068091629681,0.9646313254340453,0.5532544378698221,0.7696107003484198,0.99218965,1
34,2.45,9.0,4,-0.9937497205777533,-1.024539155535015,-0.5882695499302955,-0.9761039299756739,-1.0796492858379492,-1.0925902189022598,-0.6996753929578774,-0.5991032692595251,-0.9863459,-1
34,2.45,0.0,4,0.9013946082936143,0.7711897249290001,0.6968643071408438,0.710818320393206,0.9032506520320289,1.0664291875960186,0.9506033818881972,0.9693234925003167,0.99218965,1
34,0.0,0.041649312786339016,4,0.8476299678183777,0.7390233737663723,0.6885549609558045,0.7002433509207618,0.893308868941366,0.8370523481653049,0.9506033818881972,0.9787265780088057,0.99218965,1
34,0.0,0.16659725114535598,4,0.8646597241290833,0.7505362591404265,0.6897814317864192,0.7040781554940584,0.8971651136395071,0.9632493461771117,0.9506033818881972,0.9798288940048385,0.99218965,1
34,0.0,0.3748438150770511,4,0.9048830072278661,0.8145788959516131,0.6961090689553067,0.7636802614313121,0.904196021989871,1.1199309286312382,0.9506033818881972,0.9758392517046017,0.99218965,1
34,0.0,0.6663890045814239,4,0.8907260675834293,0.9687893580401291,0.7013805969273932,0.9991134023012898,0.8915749738756628,1.08688022044996,0.9506033818881972,0.962272226064222,0.99218965,1
34,0.0,1.041232819658475,4,1.1927065164697126,1.1436974189352636,0.6604133875303283,0.8293531569586956,0.8727602513588637,0.9000142890735856,0.9506033818881972,0.9777896222823305,0.9921515,1
34,0.0,1.499375260308204,4,0.9104042522937731,0.8091901474320359,0.6609691453792456,0.7426640044204362,0.8820980985984725,0.8999992319385552,0.8903110758408269,0.8801966552427061,0.99218976,1
34,0.0,2.040816326530612,4,1.3963175224060507,0.7451445156600456,0.6584416414452097,0.7343586064850138,0.8848269714456345,0.9185007783425516,0.9491686601086513,0.9544620569272689,0.99218976,1
34,0.0,2.665556018325697,4,0.9237702996235412,0.7410957777861071,0.6584459806250471,0.7994920356168619,0.8902121396655825,1.0654786686243551,0.8917457976203725,0.965787975309982,0.99218965,1
34,0.0,3.37359433569346,4,0.6726580450163339,0.8173203639165869,0.6584492883431895,0.8840551292067221,0.8961130339444536,1.0992993457440758,0.8903110758408269,1.0388253886575674,0.99218965,1
34,0.0,4.164931278633902,4,0.9565400430425369,0.9388785707073974,0.6584393610598179,0.9815295956000938,0.90272556413696,0.9741442786838701,0.9491686601086513,1.0500885764733145,0.99218965,1
34,2.45,1.500625,4,0.24083182316400087,0.5276144935025889,0.5869078964244301,0.5330466017094909,0.7964821204996001,-0.06925986646778481,0.15099400489931178,0.11846798169794244,0.0032233,0
38,2.65,0.0,2,0.8837124959269572,0.7281395393702028,0.6954943324406471,0.6145563765699456,0.5156918156330415,0.9736100850294247,0.9395014452740346,0.9693234925003167,0.99218965,1
38,0.0,0.0,2,0.12006457820272931,0.27455784385276527,0.6590790559421356,0.38610325964005787,0.48203067422768375,0.09927083238681833,0.24643829136546136,0.05533951563293447,-0.11974239,0
38,2.65,1.0,4,-0.48014274108849986,0.006373224332022365,0.6253178571660862,0.3362564674329285,0.8505308709114232,-0.598113765202537,-0.7234196658078805,-0.8777306883736317,-0.97344327,-1
38,2.65,4.0,4,0.6977813622824413,0.2732921408819584,0.3850950916204523,0.1614025370394031,0.5840471456662922,0.9283691006758841,0.5532544378698221,0.7948190708124008,0.99218965,1
38,2.65,9.0,4,-2.3912913628283974,-0.9354458323339437,-0.5821883938920094,-0.9925761132619982,-1.0610300795021073,-1.0930710027061918,-0.6996753929578774,-0.5991032692595251,-0.9837458,-1
38,2.65,0.0,4,0.9079625067834199,0.7758161761438387,0.6976256144288411,0.7130979146922958,0.9041268251547963,1.0856340816624237,0.9506033818881972,0.9693234925003167,0.99218965,1
38,0.0,0.0355998576005696,4,0.8465822828875104,0.7373834481081615,0.6884881305785789,0.6988823135918055,0.8932255448694766,0.8322651119763447,0.9506033818881972,0.946010060206807,0.99218965,1
38,0.0,0.142399430402278,4,0.8609293076365957,0.7486704266308633,0.6896377626654091,0.7040703488113911,0.8964598859398902,0.9411683326373503,0.9506033818881972,0.9781577001954772,0.99218965,1
38,0.0,0.320398718405126,4,0.8932058436113691,0.8016866277273503,0.6945315674738382,0.7527946006842865,0.9019836334245712,1.0800680740354704,0.9506033818881972,0.9758392517046017,0.99218965,1
38,0.0,0.5695977216091129,4,0.8944610132392511,0.9642376726258389,0.6991983127511265,0.9776404501814451,0.8894733393067027,1.0312750615060122,0.9506033818881972,1.1516837536388673,0.99218965,1
38,0.0,0.8899964400142389,4,0.9033601112659396,0.8388916960596514,0.6590348248919324,0.7403820921410466,0.8672614449418735,0.948617208436279,0.9506033818881972,0.9710969871519977,0.99218976,1
38,0.0,1.2815948736205058,4,0.8934137542970148,0.7635922176312673,0.6607061492786608,0.7093977745078699,0.8800381508624009,0.7649621873500974,0.8787382543840621,1.0881197616209837,0.9921862,1
38,0.0,1.74439302242791,4,0.556581624152045,0.7813520728601242,0.6584428315878756,0.735149025088701,0.8833609114040037,0.9375088250261325,0.8917457976203725,0.9063315661296255,0.99218965,1
38,0.0,2.278390886436454,4,0.8042060173279565,0.6960381776877496,0.658444482997831,0.7529777570631115,0.8869954913448396,0.9826564175919583,0.8903110758408269,0.9617862507007764,0.99218965,1
38,0.0,2.883588465646137,4,0.7301779866494512,0.7526932085419421,0.6584370611564111,0.8232631261863239,0.8919697903860367,1.0925004013678188,0.9506033818881972,0.9895801413277988,0.99218965,1
38,0.0,3.559985760056959,4,1.0632466706601917,0.8454068177674944,0.658448105002493,0.9071428402778035,0.8976664788869736,1.0841659224815214,0.8917457976203725,0.9742508979622378,0.99218965,1
38,0.0,4.3075827696689215,4,0.616462487426375,0.9611032860078176,0.6584432851360176,0.9990424956389653,0.9039218056296516,0.9362524173657687,0.8903110758408269,0.6771276416187689,0.99218965,1
38,2.65,1.755625,4,0.27351170602894104,0.586871589003216,0.568225820063396,0.5479821921883381,0.7740655810014572,0.02110018425249338,0.15099400489931178,0.11952460268071997,0.01738143,0
41,2.8,0.0,2,0.8840772325167022,0.7278966470893545,0.6957309260971803,0.6140992167076575,0.5160584661034205,0.979359232962207,0.9395014452740346,0.9693234925003167,0.99218965,1
41,0.0,0.0,2,0.12025014105073228,0.274795377397291,0.6591066698250391,0.386287990037777,0.4820522291878118,0.09976158560017412,0.24643829136546136,0.05533951563293447,-0.11845046,0
41,2.8,1.0,4,-0.4754488756945251,0.00654850916684524,0.6263753888772247,0.33420732295238814,0.8522085723912556,-0.5534732495386652,-0.7234196658078805,-0.8777306883736317,-0.9734329,-1
41,2.8,4.0,4,0.7332123044367619,0.2765360656703263,0.3876704298897066,0.14873255987374268,0.589413579682283,0.9009357271926075,0.5532544378698221,0.7556081423848362,0.99218965,1
41,2.8,9.0,4,-2.212972034210125,-0.7971141001029755,-0.5744163792131667,-0.9907080627049384,-1.0439303938854354,-1.0971085770290772,-0.6996753929578774,-0.5991032692595251,-0.9849795,-1
41,2.8,0.0,4,0.9127860022000219,0.7791133529867289,0.6982288118588278,0.7146635939367184,0.9048395199934868,1.1006675568306759,0.9506033818881972,0.9693234925003167,0.99218965,1
41,0.0,0.031887755102040824,4,0.8458492676255246,0.7360579309233339,0.6884707038050729,0.6977359104361573,0.8932347003750436,0.8304121546428616,0.9506033818881972,0.946010060206807,0.99218965,1
41,0.0,0.12755102040816302,4,0.858798758488902,0.7472211568687,0.6895115282413411,0.7036469352920118,0.8960198182673221,0.9270488911534227,0.9506033818881972,0.991523287885268,0.99218965,1
41,0.0,0.28698979591836704,4,0.8864199449093347,0.792898038055548,0.6934019622406453,0.7451382152376247,0.9005078557831414,1.0508766204084776,0.9506033818881972,0.9774161945643032,0.99218965,1
41,0.0,0.5102040816326531,4,0.8992675079015128,0.959668358527123,0.6976022560469889,0.9620051865042246,0.8880993001759632,0.9897399101465578,0.9506033818881972,1.1487124320424265,0.99218965,1
41,0.0,0.7971938775510201,4,0.9027269369454131,0.8247030646755585,0.6591542796179968,0.7273773147068614,0.866932329813842,0.8817055774463438,0.9506033818881972,0.9855239743751361,0.9921899,1
41,0.0,1.147959183673469,4,1.2154276911930566,1.168099386957827,0.6605308271794227,0.8471907688102234,0.8734936049773707,0.9648488504865793,0.9506033818881972,1.140924005517868,0.9921882,1
41,0.0,1.5625,4,0.6781454477813184,0.7515992065940689,0.658442674051614,0.70961477281151,0.881732711358274,0.8430998658338393,0.8917457976203725,0.9052749451468479,0.99218976,1
41,0.0,2.040816326530612,4,1.3950306727956416,0.7446389268627301,0.6584416450943793,0.7343094071679278,0.8848273331890744,0.9184750170574358,0.9491686601086513,0.9544620569272689,0.99218976,1
41,0.0,2.582908163265306,4,0.9085945909977936,0.7258679216167075,0.6584453800668433,0.7891187896896867,0.8895164717935131,1.0517924796483311,0.8917457976203725,0.965787975309982,0.99218965,1
41,0.0,3.1887755102040822,4,0.7487142616154755,0.7880832477215992,0.6584359938554017,0.8608931126221406,0.8945384253780717,1.1050195852458882,0.9491686601086513,1.0642102542672225,0.99218965,1
41,0.0,3.858418367346939,4,0.6342471715017836,0.8911577740044699,0.6584382402694808,0.9439324410489907,0.9001565578932236,1.0408616734981178,0.9506033818881972,1.0272770620323968,0.99218965,1
41,2.8,1.959999999999999,4,0.31157065054723876,0.6360211880242622,0.5528439509672803,0.5604397491847968,0.7549071964611297,0.10003205673902871,0.15099400489931178,0.11952460268071997,0.020396918,0
43,2.9,0.0,2,0.8852796007427343,0.7309209861219578,0.6958063989566079,0.6169542688034058,0.5159000250928479,0.9770440147610313,0.9395014452740346,0.9693234925003167,0.99218965,1
43,0.0,0.0,2,0.12036188510769807,0.27512549091633487,0.6591255172540735,0.38660531113001706,0.4820481187987117,0.09976470421239414,0.24643829136546136,0.06534113815013484,-0.11723414,0
43,2.9,1.0,4,-0.47178465079738896,0.01611800829441712,0.6263257063327738,0.34376494938606705,0.8512446060774453,-0.5707292321191875,-0.7234196658078805,-0.8777306883736317,-0.9731811,-1
43,2.9,4.0,4,0.660088443569819,0.25694500015926214,0.38637882789397915,0.1653435585736912,0.5845250057674525,0.935208245204667,0.5532544378698221,0.7659037607246946,0.99218965,1
43,2.9,9.0,4,-1.7963028580983433,-1.080145397723184,-0.5829312399448439,-1.0250299810744372,-1.0647971110240482,-1.0962535596660348,-0.6996753929578774,-0.5991032692595251,-0.98418784,-1
43,2.9,0.0,4,0.9168930228784261,0.7850136330973155,0.6984932833191282,0.7194525953654443,0.9047802020332911,1.1029706693722585,0.9506033818881972,0.9693234925003167,0.99218965,1
43,0.0,0.029726516052318668,4,0.8461271133388663,0.7379259639318673,0.6883778669259014,0.699694890453967,0.8928853724864518,0.8229936756306455,0.9506033818881972,0.8767460308393682,0.99218965,1
43,0.0,0.11890606420927399,4,0.8576934035154408,0.7459417255860283,0.6895287905104374,0.7028038648928736,0.8959465852453683,0.9219532771627468,0.9506033818881972,0.991523287885268,0.99218965,1
43,0.0,0.267538644470868,4,0.8808648465810193,0.7790769708397213,0.6931822271932138,0.7315720837961857,0.9010997307070918,1.053834053072738,0.9506033818881972,0.9758392517046017,0.99218965,1
43,0.0,0.4756242568370979,4,0.9203752714539774,0.8381774904678483,0.6984707734270027,0.7865064160001893,0.9072001288017786,1.1697736244634496,0.9506033818881972,0.969291989336775,0.99218965,1
43,0.0,0.7431629013079659,4,0.878995047396458,0.9672221454442959,0.7031720764028513,1.015113168306524,0.8932641976191666,1.12821256039128,0.9506033818881972,0.885517897281428,0.99218965,1
43,0.0,1.070154577883472,4,1.1988842963071988,1.1521485760608599,0.6604525337457766,0.8348608955293166,0.8729503118986154,0.9192804984901426,0.9506033818881972,1.1316073768933148,0.992174,1
43,0.0,1.456599286563614,4,0.9075583825012784,0.8004177547463397,0.6609206219825233,0.7361895545108565,0.8816913769721042,0.87438234693423,0.8903110758408269,0.8930065531034975,0.99218976,1
43,0.0,1.902497027348395,4,0.8926306181549534,0.724327349324242,0.6584417077534167,0.7265953848030868,0.8835406178514044,0.8774383542620297,0.9506033818881972,0.9573851119574358,0.99218976,1
43,0.0,2.4078478002378123,4,0.830090171965196,0.7202513762313434,0.6584452162244816,0.7693818255018908,0.8880897998131743,1.0150999958079336,0.8903110758408269,0.9617862507007764,0.99218965,1
43,0.0,2.9726516052318672,4,0.7472513519609264,0.7674856003938271,0.658436032716185,0.834174806355974,0.8927119766806879,1.0991195677096681,0.9506033818881972,0.9895801413277988,0.99218965,1
43,0.0,3.5969084423305584,4,1.0763323523424333,0.8511259817651732,0.6584484224609621,0.911686851519413,0.8979758453579002,1.0800425996264562,0.8917457976203725,0.9742508979622378,0.99218965,1
43,0.0,4.280618311533889,4,0.612834681020871,0.9569299593594313,0.6584432678309892,0.9957259549223776,0.9036960232205317,0.9437218581253046,0.8903110758408269,0.8546264023867278,0.99218965,1
43,2.9,2.1025,4,0.32658661082150775,0.6743858920031703,0.540150687922221,0.58749805088535,0.7360849574992419,0.10709131340228284,0.15099400489931178,0.12461533974742814,0.023787916,0
45,3.0,0.0,2,0.8855240638100098,0.7310548554288105,0.6959246057424223,0.6169711933373283,0.5160606567975319,0.9796027279526922,0.9395014452740346,0.9693234925003167,0.99218965,1
45,0.0,0.0,2,0.12052053225661996,0.27529792054873437,0.659139296258683,0.3867289554459713,0.48205665935907416,0.09998845466446626,0.24643829136546136,0.07737669828028151,-0.11649066,0
45,3.0,1.0,4,-0.4719734944083741,0.007623325950148696,0.6256309691953214,0.3334987397580315,0.8513199814370054,-0.5690207143723955,-0.7234196658078805,-0.8764851399957172,-0.9734068,-1
45,3.0,4.0,4,0.7580588753526881,0.2767391020034995,0.382425721777308,0.13839121554075434,0.5831518882862832,0.8999897954454537,0.5532544378698221,0.6307312745907273,0.99218965,1
45,3.0,9.0,4,-0.7355588510953482,-0.8100533794305546,-0.5931599172784987,-1.030095270001456,-1.0730697566596699,-1.099992069320594,-0.6996753929578774,-0.5991032692595251,-0.98466945,-1
45,3.0,0.0,4,0.92046237336082,0.7878697088884808,0.6988741726194121,0.7210971356209228,0.9051729524347181,1.1117454280742618,0.9506033818881972,0.9693234925003167,0.99218965,1
45,0.0,0.02777777777777777,4,0.845902809271294,0.7374131203437128,0.6883432609633604,0.6992379251649727,0.8928438733364369,0.8211743839503822,0.9506033818881972,0.7671588748878214,0.99218965,1
45,0.0,0.111111111111111,4,0.8562544814783734,0.7444712816972682,0.6893763013415851,0.7018853166470811,0.8956642676911277,0.9134656927108762,0.9506033818881972,0.9794687482606715,0.99218965,1
45,0.0,0.25,4,0.8758538977311615,0.758780777464266,0.6897740876604695,0.7062149410816839,0.8987235591914361,1.0208644626694263,0.9506033818881972,0.976978190382153,0.99218965,1
45,0.0,0.444444444444444,4,0.9137500767244545,0.8305431467909073,0.6976168996672474,0.7798748670851938,0.9060331545861109,1.1533049119013765,0.9506033818881972,0.9701352548383018,0.99218965,1
45,0.0,0.6944444444444441,4,0.8784431514827985,0.959853871454201,0.7014315335101289,0.9992138809349463,0.8918106490661935,1.0999753440259963,0.9506033818881972,0.9641742258836455,0.99218965,1
45,0.0,1.0,4,0.9109270101456132,0.8605340497031629,0.6588658377109211,0.7573756021670993,0.8675630571744622,1.027899392733023,0.9506033818881972,0.913560564745459,0.99218976,1
45,0.0,1.36111111111111,4,0.8987609571932466,0.7817874592603722,0.6608236588726085,0.7221428478756375,0.8807971386556299,0.8168290784198047,0.8903110758408269,1.0769080183128064,0.99218976,1
45,0.0,1.7777777777777768,4,0.8722352269446673,0.6990343430698548,0.658441950158934,0.7097240576867065,0.8825226944189167,0.8260052942449119,0.9506033818881972,0.9573851119574358,0.99218714,1
45,0.0,2.25,4,1.4774495212930532,0.793333128461068,0.658440982601961,0.7619575833207696,0.8865530877229737,0.9850058615766568,0.9491686601086513,0.9560728089798463,0.99218965,1
45,0.0,2.777777777777777,4,0.7079312584928771,0.7353538981042594,0.6584380568758894,0.8102920312399219,0.8910873217035308,1.0815337121906379,0.9506033818881972,0.9895801413277988,0.99218965,1
45,0.0,3.36111111111111,4,0.6642774628774076,0.8153774903255507,0.6584491560629393,0.8825214627769656,0.8960083587510262,1.099975978803347,0.8903110758408269,1.0388253886575674,0.99218965,1
45,0.0,4.0,4,0.6583036893731132,0.9129993534472421,0.6584374270115173,0.9613751502198614,0.9013412486092444,1.0126802074497658,0.9506033818881972,1.2196307845935221,0.99218965,1
45,3.0,2.25,4,0.3742643275706995,0.7009955825512973,0.524959675837156,0.5805860083961447,0.7175323204800805,0.1028275819397817,0.15099400489931178,0.1262260918000054,0.026322722,0
