,system,init,weight,type,exp,lin_reg,el_net,lasso,ridge,lin_svr,svr_rbf,rnd_for,grd_boost,ann
140,1,1.0001,0.0,2,1,0.8708901974137501,0.7203315807347562,0.6922292555649663,0.6118832344678758,0.5114475970316046,0.8999385982164183,0.9303546887397937,0.9670291589875696,0.9283881
160,1,0.0,0.0,2,0,0.11744416791858481,0.27343568735267465,0.6584425884369399,0.38613163685221535,0.4811759994238417,0.07904343406230208,0.23866827281115474,0.05791659706977827,0.21097903
257,1,1.0001,0.0,4,1,0.8623620080041587,0.7412472547459983,0.6922247921371911,0.6948539028702967,0.898171168744377,0.9428193166125594,0.9506033818881974,0.9638553166983942,0.99553704
218,1,0.0,0.24995000749899998,4,1,0.2426699826932041,0.38145535606864356,0.6608699469330529,0.5210795576153963,0.8719821386251393,0.011634347990681526,0.26668698451386147,0.308199987003112,0.31350136
172,1,1.0001,0.25005000250000003,4,0,0.8828152817785959,0.7772841301669032,0.6921376418746844,0.7246024802426021,0.900198653032285,1.0578279629638443,0.9506033818881974,0.781524182754607,0.995538
326,1,0.0,0.9998000299959999,4,1,0.23582718567802513,0.45444997062760206,0.6584527586285094,0.5939994261764904,0.8761838497367238,0.41403777968639854,0.27893000691013536,0.48200062281074973,0.66017437
109,1,1.0001,1.0,4,-1,0.9443127126432582,0.8853964739723436,0.6918763465514035,0.8138326371567663,0.9062793117032104,1.3304577403550182,0.28036472868968104,0.39750652112648094,0.99553883
69,1,1.0001,1.00020001,4,0,0.95897498036447,0.8907244265912089,0.6918864434825653,0.8157235052700265,0.9062005429329236,1.3368850315541776,0.9506033818881974,0.48509409658238517,0.99553883
107,1,0.0,2.249550067491001,4,1,0.3648438329160243,0.6430093675058615,0.6584425851277879,0.7459276057722914,0.8867146272872978,0.9756595731538082,0.8903110758408288,0.573509253783589,0.99576914
68,1,1.0001,2.2504500225,4,0,1.090799867716504,1.081083821972054,0.6913477745391128,0.9686393998474998,0.9158324894575857,1.4807971890008558,0.9506033818881974,0.790261460236887,0.99553895
138,1,0.0,3.999200119984002,4,1,0.5578199564651254,0.9133737882408663,0.6584425835695011,0.9611344294295115,0.9013461073333976,1.0128539231607503,0.8903110758408288,0.9924165936947749,0.99553883
312,1,1.0001,4.0,4,1,1.2242891778186924,1.3243853128054095,0.6904890367543446,1.1722953383001529,0.9297562325651827,0.900054308294588,0.9506033818881974,0.979958786380791,0.9955392
157,1,1.0001,4.00080004,4,0,1.2875702492216332,1.3365889817194765,0.6898012550817262,1.1751702666383719,0.9280720442681836,0.8972308570860461,0.5019185191512748,0.17402459973278633,0.9955392
121,1,1.0001,9.0,4,-1,1.5189285410825883,2.0242326290848167,0.6823865638507114,1.7441807596970182,0.9594994881000996,-1.0999691210827693,-0.54375690488151,-0.6106727249654315,0.9955367
158,5,1.05,0.0,2,1,0.878630370642437,0.7267599873100334,0.6929990906571452,0.6156467540165785,0.5122038595283069,0.9153568419675819,0.9395014452740348,0.9693234924846973,0.93936443
239,5,0.0,0.0,2,0,0.11591501655471609,0.27211621418970633,0.6583841208438239,0.3852891877012501,0.4811628759545323,0.07812781134854685,0.117222234328199,-0.37786179990082164,0.2075627
52,5,1.05,0.0,4,1,0.8561254765345525,0.7371427281439179,0.6919554809231169,0.6926652821162741,0.8979600252076124,0.9350347836048085,0.9506033818881974,0.9638553166983942,0.99553704
215,5,0.0,0.22675736961451198,4,1,0.8594186537326172,0.741220265525742,0.6871152836229575,0.6947403145803857,0.8956651552633889,0.9427107506351318,0.9506033818881974,1.0024148473451973,0.99553657
225,5,1.05,0.275625,4,0,0.3361506099265439,0.4890201777282888,0.6743208382734796,0.5856139842388711,0.8857082384542065,0.4916964883404402,0.26668698451386147,0.2961852211503279,0.8466952
327,5,0.0,0.907029478458049,4,1,0.8764827909973065,0.8105790358934832,0.6590245376083903,0.7293930246520088,0.8681406934744397,0.9109398712035839,0.9506033818881974,0.9710969871422906,0.80624926
79,5,1.05,1.0,4,-1,-0.47727999879295113,0.059871621877209735,0.6284784946836331,0.38105393945731714,0.8508164073478457,-0.497004831615965,-0.723419665807885,-0.8777306884538272,-0.7354959
253,5,1.05,1.1025,4,0,0.1862380088755517,0.45333181744287127,0.6224694729601109,0.5354131021685709,0.8360948544516028,0.07063907050745666,0.1509940048993087,-0.10829410109767562,0.051136076
111,5,0.0,2.040816326530612,4,1,1.344118298836709,0.7384340854024423,0.6584415723758249,0.7336314880322824,0.8848600442673376,0.9181048845244275,0.9491686601086518,0.9544620568681796,0.99597573
72,5,1.05,2.480625,4,0,0.3676795203598431,0.9902125802522603,0.5233825406526581,0.7995520340214881,0.6995322702348494,0.6326282996700909,0.1509940048993087,0.06462927490503668,-0.15204242
137,5,0.0,3.628117913832199,4,1,1.0584284866821052,0.8559636726995261,0.6584485208941363,0.9155256134588068,0.8982479850435107,1.0762964632960914,0.8917457976203744,0.9742508979308953,0.9955387
44,5,1.05,4.0,4,1,0.8029075805912916,0.6813734349295615,0.41260629541120475,0.5563706987763889,0.5841494638563965,1.0509148854794388,0.5447353816580174,0.5877450175535349,0.33148485
210,5,1.05,4.41,4,0,0.07764260571192089,-0.07217402569890341,0.30052850096864114,0.525648320607277,0.34382950259766265,-0.09997314613071406,0.5532544378698221,-0.5621688057538727,-0.096232384
222,5,1.05,9.0,4,-1,-0.7591308300795346,-0.9659594503043315,-0.5491648988488906,-0.9803868347002606,-0.9246724840219663,-1.0999921066820058,-0.6996753929578824,-0.5991032692655228,-0.7553574
65,6,1.075,0.0,2,1,0.8791018202820811,0.7273695072387474,0.693145954051854,0.616072083532673,0.5123665190967682,0.9182167278772324,0.9395014452740348,0.9693234924846973,0.9413484
251,6,0.0,0.0,2,0,0.11579445356289231,0.27182070857276014,0.658380325948449,0.3850235807250204,0.4811815484682185,0.07846608768437857,-0.10858030900429372,-0.37786179990082164,0.20649888
35,6,1.075,0.0,4,1,0.8561226393934206,0.7370171585828864,0.6919627884659038,0.6925704486255502,0.8979775892904455,0.9352672418404806,0.9506033818881974,0.9638553166983942,0.9955369
267,6,0.0,0.21633315305570505,4,1,0.8660798461039112,0.746536427498758,0.6882504646784773,0.6972380120015274,0.8968384017189384,0.9681072792699892,0.9506033818881974,0.9994559194170431,0.9955369
276,6,1.075,0.28890625000000003,4,0,0.2872764588526998,0.453579513125861,0.6707522800073055,0.565576186991206,0.8826103320706336,0.3921465749931228,0.26668698451386147,0.30640955311503204,0.75419605
208,6,0.0,0.8653326122228231,4,1,0.8889959367486918,0.8189377048055932,0.6590864894991024,0.7305096396528412,0.8675370636108205,0.911077247595034,0.9506033818881974,0.9710969871422906,0.7956324
45,6,1.075,1.0,4,-1,-0.5255367862374362,0.006977186341226793,0.6190987594216854,0.3411069656104925,0.8415618691419077,-0.7722376692704502,-0.723419665807885,-0.8777306884538272,-0.739328
262,6,1.075,1.155625,4,0,0.15040873510235442,0.4202412019609102,0.6082633407086023,0.5005414761735621,0.8211377222516592,-0.2171436779844358,0.1509940048993087,-0.17135482399177437,-0.16251454
57,6,0.0,1.946998377501352,4,1,0.8864740831990405,0.731658000973959,0.6584414746997214,0.7323975685569456,0.8839317024861334,0.8946603344238211,0.9506033818881974,0.9573851119496903,0.99605536
258,6,1.075,2.600156249999999,4,0,0.37643679536757313,1.0730026159874684,0.48897774638389424,0.8063188581835985,0.654397219314825,0.29739202269748244,0.1509940048993087,0.0235608317938313,-0.15827367
6,6,0.0,3.4613304488912924,4,1,0.6786221049227259,0.8310118885509703,0.6584503097372714,0.8948249084895001,0.8968615986310807,1.0933350944368412,0.8903110758408288,1.0501671827623593,0.9955386
87,6,1.075,4.0,4,1,0.9274296494404167,0.8546574565455909,0.3741383370042163,0.5821321388867311,0.5328639410051055,0.9571350198648103,0.5532544378698221,0.5975039841115154,0.44112542
234,6,1.075,4.6225000000000005,4,0,-0.5278816871201953,-0.2163488664549058,0.22235944212631237,0.4987931787324317,0.22245028701389458,-0.09998558596158702,0.5532544378698221,-0.5991032692655228,-0.33744732
242,6,1.075,9.0,4,-1,-1.331538986772311,-1.1233915339493747,-0.6501899760442738,-1.097988790747039,-1.0982954725467047,-1.1000006859412244,-0.6996753929578824,-0.5991032692655228,-0.7562244
21,10,1.25,0.0,2,1,0.8779351847965451,0.724864394354364,0.6934077482396911,0.6136427599709631,0.5129386516273081,0.9277571350642075,0.9395014452740348,0.9679209785504407,0.9447447
141,10,0.0,0.0,2,0,0.11692371785623978,0.2717617826370048,0.6585227199787723,0.38446416378556697,0.4814387917078081,0.08442316217709855,0.2464382913654578,-0.1011150441993193,0.20393434
324,10,1.25,0.0,4,1,0.8605267321772301,0.7372071316676325,0.6923548405599224,0.6909107419882478,0.8987041794036625,0.9535688419795774,0.9506033818881974,0.9670291589875696,0.99553716
61,10,0.0,0.16,4,1,0.8642176571714356,0.7495742785374214,0.6894500148538049,0.7028930964279357,0.8967746874590123,0.949597003984695,0.9506033818881974,0.9759859253512332,0.9955368
194,10,1.25,0.390625,4,0,0.18792031782302965,0.3727223514454362,0.6591052528369212,0.5150931233708801,0.8727505892450911,0.1282233269549975,0.26668698451386147,0.26185472754796035,0.40192175
197,10,0.0,0.64,4,1,0.8924808887308483,0.9684226570187127,0.7006983857025935,0.9929608837389168,0.8910071639417203,1.0707041421734003,0.9506033818881974,1.0215227219065073,0.99553776
315,10,1.25,1.0,4,-1,-0.5522985859141455,-0.04293143966432289,0.6075592736652661,0.2977895682920928,0.8298715829459047,-1.113176495330987,-0.723419665807885,-0.8770436013302225,-0.7431731
29,10,0.0,1.44,4,1,0.9007798727892276,0.796143039935395,0.6608976394823451,0.7335035397007469,0.8815701422283145,0.8642700707075077,0.8903110758408288,0.890415239488776,0.85982513
202,10,1.25,1.5625,4,0,0.1448628210135161,0.42644749984321,0.5595172152658127,0.4508805643004852,0.7679949669223817,-0.8403322043352661,0.1509940048993087,0.1184679817613944,-0.19573209
314,10,0.0,2.56,4,1,0.9018943758853069,0.7216680181583185,0.6584453534015703,0.7862447146080389,0.8893457282901956,1.0476348896142182,0.8917457976203744,0.9657879753075589,0.99555445
184,10,1.25,3.515625,4,0,0.8672645689498961,1.502399275001308,0.3540140337305934,0.8495477263308027,0.46997297083360023,0.10000514664412474,0.20984225178673147,-0.07682647751928937,-0.03702724
51,10,0.0,4.0,4,1,0.6597624257916622,0.9130079281669969,0.6584374729642786,0.9613733174493564,0.9013482298396538,1.0127067457739996,0.9506033818881974,1.2196307846161702,0.99553883
300,10,1.25,4.0,4,1,1.149200706235836,0.912267526085784,0.3297116192398855,0.4822499531659408,0.4873788359304003,0.9461405116856971,0.5532544378698221,0.5874949615508042,0.8309369
131,10,1.25,9.0,4,-1,-1.6188478133513788,-0.8925295381947366,-0.6633400299903183,-0.5392538082969437,-1.1963552600724028,-1.1000364245889718,-0.6996753929578824,-0.5991032692655228,-0.73612237
92,14,1.45,0.0,2,1,0.8801696682373441,0.7279272300468391,0.6937863642198414,0.6160618081132414,0.5132406474711886,0.933206891127301,0.9395014452740348,0.9693234924846973,0.94987655
260,14,0.0,0.0,2,0,0.1175261443917,0.2719107083505376,0.6586733406618679,0.3842967858541341,0.48166399242862334,0.08981851743106528,0.2464382913654578,0.08329301628430212,0.20316459
76,14,1.45,0.0,4,1,0.8694268686351032,0.7465706240119216,0.6932275515955915,0.6974272058463566,0.8993487030905363,0.9724617473098389,0.9506033818881974,0.9670291589875696,0.9955374
145,14,0.0,0.11890606420927399,4,1,0.8572518018605924,0.7451721135650432,0.6892352942258013,0.7020121009534139,0.895680409333037,0.9138763154310565,0.9506033818881974,0.9786254827266672,0.9955385
3,14,0.0,0.4756242568370979,4,1,0.9112897520279106,0.815803774271366,0.697667767847044,0.7649802008165304,0.9081451987084806,1.175174554812858,0.9506033818881974,0.9692919893069311,0.9955387
221,14,1.45,0.525625,4,0,0.17525336808849984,0.37696148449350253,0.6520993418765674,0.5210566302421048,0.8652725412410496,0.019287278357256632,0.1509940048993087,-0.2814724036056494,0.23022416
182,14,1.45,1.0,4,-1,-0.5120349682976427,0.011257263473494983,0.6149191274904751,0.3496834634366207,0.8350531321781488,-0.9772607695323474,-0.723419665807885,-0.8770436013302225,-0.74002934
295,14,0.0,1.070154577883472,4,1,1.1953850446027734,1.1463821930023406,0.6604286482007761,0.8328255744924642,0.8730116949422723,0.915157521205404,0.9506033818881974,1.1316073768471833,0.9817543
176,14,0.0,1.902497027348395,4,1,0.8950569860354727,0.7230257042279046,0.6584416927483132,0.7263271995263564,0.883571694857433,0.8772574699076214,0.9506033818881974,0.9573851119496903,0.9961027
299,14,1.45,2.1025,4,0,0.20231891282924563,0.5264841778948889,0.5223563559706813,0.5372708086214693,0.7140043101936314,-0.6121559555959921,0.1509940048993087,0.12461533981091229,-0.15418896
41,14,0.0,2.9726516052318672,4,1,0.7448078409452945,0.7673483202758309,0.6584360220687212,0.8341822746368712,0.8927298514340132,1.0991250029933353,0.9506033818881974,0.9895801412565928,0.99553776
5,14,1.45,4.0,4,1,0.693408780197953,0.4133559186937844,0.3546142473218318,0.322000343938023,0.5243886932683012,1.0999739768348133,0.5532544378698221,0.6547845923808646,0.9957347
101,14,0.0,4.280618311533889,4,1,0.6126619561431721,0.9569299593594915,0.6584432628715976,0.9957261726754032,0.9037000026570177,0.9437563345161406,0.8903110758408288,0.8546264024177509,0.99553883
186,14,1.45,4.730624999999999,4,0,0.6317931397948361,1.12521834718609,0.17329409276917895,0.43238494099105323,0.1855314279574508,0.09996411561350715,0.5532544378698221,-0.5991032692655228,0.05187106
60,14,1.45,9.0,4,-1,-0.9082971778376653,-0.837913835288539,-0.6394616119219996,-0.4927408993511265,-1.169603315789156,-1.099982702634388,-0.6996753929578824,-0.5991032692655228,-0.74401796
81,16,0.0,0.0,2,0,0.11779764995335873,0.2720314950211783,0.6587306261604414,0.3842931365747013,0.48174459346897924,0.0916943632622731,0.2464382913654578,0.08329301628430212,0.20302662
305,16,1.55,0.0,2,1,0.8807556193594124,0.7280626047912356,0.6939823687367498,0.6159330811715774,0.5135231229972217,0.9379502968797153,0.9395014452740348,0.9693234924846973,0.9526162
153,16,1.55,0.0,4,1,0.8728675908483435,0.7490637707251684,0.6936429129162687,0.6986790321491165,0.8998245976765507,0.9836446903765816,0.9506033818881974,0.9693234924846973,0.9955374
256,16,0.0,0.10405827263267402,4,1,0.8555549787389671,0.7448915400050643,0.6891726272891635,0.702688352041757,0.8952237248783343,0.8999999129820564,0.9506033818881974,0.9601995276660097,0.9955574
235,16,0.0,0.416233090530697,4,1,0.9008960004339337,0.8051483196754547,0.6963235640711366,0.7554539836069837,0.9060399566641751,1.1466141630165536,0.9506033818881974,0.9701352547884712,0.9955387
147,16,1.55,0.6006250000000001,4,0,0.17348807178506492,0.3802932375135667,0.6483732412158528,0.5215107128216004,0.8616891221849902,-0.006790707748476343,0.1509940048993087,-0.20217461392467778,0.1696761
132,16,0.0,0.936524453694068,4,1,0.8985610300440796,0.8419528902622194,0.6589583948744969,0.7457648379669397,0.867431961025642,0.9809790579487752,0.9506033818881974,0.9710969871422906,0.83637977
200,16,1.55,1.0,4,-1,-0.5014137478788522,0.021231933380844947,0.6180540332120167,0.3593566555472162,0.8384045357710672,-0.8999868301082019,-0.723419665807885,-0.8770436013302225,-0.73943317
288,16,0.0,1.664932362122788,4,1,0.6102211545352534,0.768765861054656,0.6584427551447039,0.7240519316201305,0.8826802498571908,0.8974471419503969,0.8917457976203744,0.9063315661904724,0.996006
280,16,1.55,2.4025,4,0,0.22323525031692626,0.5373559395016486,0.49947222612112396,0.5630312577842371,0.6795733434503646,-0.38012021871071244,0.1509940048993087,0.20069617135065354,-0.14225861
169,16,0.0,2.601456815816857,4,1,0.9088660520668432,0.729236823810065,0.6584455127446497,0.7914374619687842,0.8896939444264342,1.0550541927417525,0.8917457976203744,0.9657879753075589,0.99553657
164,16,0.0,3.746097814776275,4,1,1.127120875443952,0.8742425269094343,0.6584498438732108,0.9300466462126484,0.8992355426363963,1.0597913555229352,0.8917457976203744,0.9742508979308953,0.9955387
113,16,1.55,4.0,4,1,0.5052252725921523,0.23719143718284763,0.3652611385303821,0.25950930680920536,0.5412059681458113,1.0852529055618474,0.5532544378698221,0.702693202333164,0.9956384
46,16,1.55,5.4056250000000015,4,0,-0.49851803454873955,0.3536352540311932,0.02819600894172314,-0.20837070640737598,-0.04499114501963797,-0.09998789236349159,-0.5174571401942638,-0.5991032692655228,-0.054378897
27,16,1.55,9.0,4,-1,-0.44157714831047723,-0.6632534238516045,-0.6388796920277169,-0.7064214545572599,-1.155324860522422,-1.0559916189949112,-0.6996753929578824,-0.5991032692655228,-0.74960387
18,19,0.0,0.0,2,0,0.11817911669059311,0.2723147733900042,0.6588066323852325,0.38443462724405375,0.4818374623526312,0.09382037419466638,0.2464382913654578,0.0616961794071734,0.20335294
22,19,1.7000000000000002,0.0,2,1,0.8814642258531356,0.7283198977636111,0.6942959929003654,0.6158887759218955,0.5139565541942158,0.9450858020068251,0.9395014452740348,0.9693234924846973,0.9570161
198,19,1.7000000000000002,0.0,4,1,0.877829141244592,0.7530534577798971,0.6943072899049596,0.7009454698755129,0.9005532926878098,1.0004004731195861,0.9506033818881974,0.9693234924846973,0.99553764
95,19,0.0,0.08650519031141869,4,1,0.8535973496714391,0.7440864637263387,0.6890783775344194,0.7029038277052303,0.8947166419219164,0.8835021376259986,0.9506033818881974,0.9818171174900919,0.99558294
269,19,0.0,0.34602076124567405,4,1,0.8894681433272714,0.7888814416634526,0.6942725414888233,0.7401627455353992,0.9033346284199855,1.1007899284495606,0.9506033818881974,0.9758392516850194,0.9955385
285,19,1.7000000000000002,0.7224999999999989,4,0,0.17554132211643514,0.39136158819923883,0.6420685009043205,0.5240113421562287,0.8554436887331853,-0.03384573807066449,0.1509940048993087,-0.192427349183939,0.1092076
31,19,0.0,0.7785467128027681,4,1,0.8896460674998214,0.8133637259982254,0.6591737183732175,0.7223708589719432,0.8668951677639367,0.8663553601792868,0.9506033818881974,0.9862248543645558,0.76425636
206,19,1.7000000000000002,1.0,4,-1,-0.49192890591612415,0.030545917869474692,0.6216233021199711,0.36843023521112317,0.8423872978554027,-0.8057757571732198,-0.723419665807885,-0.8777306884538272,-0.7387959
245,19,0.0,1.3840830449826989,4,1,0.8906820831697778,0.7832338520156199,0.660845487594476,0.7248272364141943,0.8810306659152429,0.8286908751101292,0.8903110758408288,1.07623429283738,0.8345605
112,19,0.0,2.1626297577854667,4,1,1.4273039676233321,0.7714671851952066,0.6584413143938531,0.7502169349110571,0.8858612470324326,0.9586612294086789,0.9491686601086518,0.9560728088703667,0.9958496
201,19,1.7000000000000002,2.889999999999999,4,0,0.26263866972437916,0.5222678727216123,0.45659434018045303,0.58563900302635,0.6130716436649676,-0.0999930862024927,0.1509940048993087,0.008426180302040367,-0.10608986
213,19,0.0,3.1141868512110715,4,1,0.7571071012256373,0.77653485804243,0.6584368663676692,0.8517582336644537,0.8939316199764842,1.1044463049130568,0.9491686601086518,1.033396655554491,0.99553823
252,19,1.7000000000000002,4.0,4,1,0.37880005644327824,0.15154095316094168,0.37814742767231047,0.24138491338164136,0.5593253860872156,1.0703999189292928,0.5532544378698221,0.7426548230564358,0.99568605
175,19,0.0,4.238754325259516,4,1,0.9927971340307287,0.9502935728424444,0.6584391305054091,0.990611892343301,0.9033480035071975,0.9550789046618062,0.9491686601086518,0.9535940964803354,0.99553883
193,19,1.7000000000000002,9.0,4,-1,-0.8256560560733263,-0.6275929269750781,-0.6166134456397021,-1.0103305358497208,-1.1173080814722511,-1.0740260235508754,-0.6996753929578824,-0.5991032692655228,-0.77397287
1,21,0.0,0.0,2,0,0.11857256578615472,0.27265987393326496,0.6588568789915513,0.384651285103092,0.4818887663900524,0.09500502396952992,0.2464382913654578,0.059811376480903206,0.20400412
70,21,1.8,0.0,2,1,0.8807351216082782,0.7265061137123837,0.694322322758742,0.6141311919146487,0.514152140148223,0.9483576557520079,0.9395014452740348,0.9693234924846973,0.9573066
96,21,1.8,0.0,4,1,0.8794583371591352,0.7526741810970402,0.6944652461525382,0.6997478002865728,0.9008967961586929,1.0088085373937359,0.9506033818881974,0.9693234924846973,0.99553776
192,21,0.0,0.0771604938271605,4,1,0.852871591477691,0.7436362491074812,0.6890344347754556,0.7028628524219711,0.894474807633306,0.8750479029390759,0.9506033818881974,0.9818171174900919,0.9955988
286,21,0.0,0.30864197530864196,4,1,0.8910188732628157,0.7930896141515589,0.6944157133118889,0.7437633017201957,0.9025052203963143,1.083532470948458,0.9506033818881974,0.9758392516850194,0.9955385
117,21,0.0,0.6944444444444441,4,1,0.888718211993163,0.974452898422715,0.7027461937819786,1.0112644517434486,0.8925945884427186,1.1094881855174803,0.9506033818881974,0.9641111476295253,0.99553835
199,21,1.8,0.81,4,0,0.17798563238046594,0.3947608592239582,0.6360230983370183,0.5165202217841485,0.8499051503154419,-0.06175779553121874,0.1509940048993087,-0.1899630883926378,0.037457615
216,21,1.8,1.0,4,-1,-0.49959073679303045,0.016970201811491115,0.6218734149301977,0.35711494552710393,0.8437032823955694,-0.7823399219678722,-0.723419665807885,-0.8777306884538272,-0.7391871
325,21,0.0,1.2345679012345678,4,1,1.2633989803418832,1.2117138847417102,0.6606378066197426,0.8699176189721786,0.8738991974407859,1.0309665439856017,0.9506033818881974,0.8861424221958041,0.99596214
171,21,0.0,1.929012345679012,4,1,0.9027423132294137,0.7302177411940626,0.65844164155422,0.7302536566094979,0.8837846005818641,0.8878630060386596,0.9506033818881974,0.9573851119496903,0.9960748
39,21,0.0,2.7777777777777786,4,1,0.710425723015807,0.7353338231751801,0.6584380487517781,0.8102914458959111,0.8911070282948683,1.0815405321022835,0.9506033818881974,0.9895801412565928,0.99553716
333,21,1.8,3.24,4,0,0.4316414353295378,0.5451668105665903,0.4166722637818354,0.5763010897844033,0.553458970046647,-0.04260041155530292,0.1509940048993087,-0.10807210026695337,-0.04956612
64,21,0.0,3.780864197530865,4,1,0.6181553361976704,0.8791842807399913,0.6584386111584757,0.934381049270097,0.899516743978354,1.054299813658818,0.9506033818881974,1.0272770619354343,0.9955387
323,21,1.8,4.0,4,1,0.47047735746411246,0.15996273944082162,0.3794690401648133,0.22025881138939257,0.5645853291025442,1.040636224641342,0.5532544378698221,0.800925438305731,0.9958148
98,21,1.8,9.0,4,-1,-0.41085880714128853,-0.6137191113337549,-0.6074654711863849,-1.151092402107591,-1.105275954308834,-1.080121714632234,-0.6996753929578824,-0.5991032692655228,-0.7692232
264,22,0.0,0.0,2,0,0.11871826413922598,0.2728162323971754,0.6588811339160465,0.3847636083664244,0.4819122471618915,0.0955314995749843,0.2464382913654578,0.059811376480903206,0.20433952
328,22,1.85,0.0,2,1,0.880749065227554,0.7261725863607515,0.6943935091034502,0.6137436022222365,0.5142851009190208,0.9505137721669028,0.9395014452740348,0.9693234924846973,0.95833945
310,22,1.85,0.0,4,1,0.8809012014750747,0.7534847674030908,0.6946472234522983,0.7000143969959483,0.9011311268626678,1.0141139370635157,0.9506033818881974,0.9693234924846973,0.99553776
294,22,0.0,0.07304601899196493,4,1,0.8522677470826947,0.7430841543122786,0.688995497891182,0.7025536477937445,0.8943671531449962,0.8711599353318773,0.9506033818881974,0.9779911089062954,0.99560654
329,22,0.0,0.292184075967859,4,1,0.8879647346718532,0.789370139858425,0.6939347918361995,0.7405682133054243,0.9018277549325424,1.0699977033204986,0.9506033818881974,0.9758392516850194,0.9955385
88,22,0.0,0.6574141709276841,4,1,0.8938234030649311,0.9753514619326806,0.701950200859734,1.0039677006038918,0.891823629315798,1.08933786505182,0.9506033818881974,1.0253278545841829,0.9955381
9,22,1.85,0.8556250000000001,4,0,0.18048341356138375,0.39951115856294306,0.633172262820027,0.5154354487969451,0.8471512333402438,-0.0683325896852951,0.1509940048993087,-0.18948057053284817,0.02075404
30,22,1.85,1.0,4,-1,-0.4988374687115905,0.01554312125846613,0.6223440116489448,0.35535481364664157,0.8445104353383454,-0.7628336427721623,-0.723419665807885,-0.8777306884538272,-0.739187
67,22,0.0,1.168736303871438,4,1,1.234853181271701,1.186033352563161,0.660554095287792,0.8551834077794667,0.8735507755191345,0.9860127298026979,0.9506033818881974,1.209032764206546,0.9960412
74,22,0.0,1.826150474799122,4,1,0.8885244535318936,0.7086304628720277,0.6584418660729703,0.7161650960240193,0.8829485757476582,0.8463841055678243,0.9506033818881974,0.9573851119496903,0.97302234
47,22,0.0,2.629656683710737,4,1,0.9122375115555386,0.7344079280896898,0.6584457035730427,0.7949748309352299,0.8899309931138081,1.0597990997513191,0.8917457976203744,0.9657879753075589,0.9955367
266,22,1.85,3.4225,4,0,0.4841020616990468,0.5312182095066258,0.39525739622266237,0.5610054036378203,0.5206999474062075,-0.023573041221003344,0.20132319557492664,0.09828755515572028,-0.057353795
19,22,0.0,3.579254930606281,4,1,1.0714491435411864,0.848393006561373,0.6584482837342964,0.9095139483296748,0.8978392685073091,1.0820765723694903,0.8917457976203744,0.9742508979308953,0.9955387
335,22,1.85,4.0,4,1,0.4843237026224222,0.1772668361948725,0.3812028245534561,0.22146138780445168,0.5677114465333886,1.0353139456330664,0.5532544378698221,0.800925438305731,0.9958575
177,22,1.85,9.0,4,-1,-0.8177160836575036,-0.7765689670216426,-0.5992263315040416,-1.1748187086488389,-1.0945210057297432,-1.079300366669388,-0.6996753929578824,-0.5991032692655228,-0.7654636
49,23,1.9,0.0,2,1,0.8807605874755704,0.7258131212746451,0.6944662470842092,0.6133289140431166,0.5144227280624347,0.9527344282135841,0.9395014452740348,0.9693234924846973,0.95941556
309,23,0.0,0.0,2,0,0.11886371321742811,0.27297908150586003,0.6589052545384348,0.3848840268765041,0.48193476189203177,0.09603278911451962,0.2464382913654578,0.059811376480903206,0.20471013
261,23,1.9,0.0,4,1,0.8823580300678376,0.7542808455779549,0.6948338419939671,0.7002602598009618,0.9013738263838385,1.0195362630427978,0.9506033818881974,0.9693234924846973,0.9955379
85,23,0.0,0.06925207756232686,4,1,0.8516792488514514,0.7424826723972453,0.6889574492035223,0.7021769858719165,0.8942735603357305,0.8676393842116878,0.9506033818881974,0.9779911089062954,0.9956136
129,23,0.0,0.277008310249307,4,1,0.8849753358588663,0.7857254778218056,0.6934636751021565,0.7374768287712445,0.9011776361481812,1.056643978248661,0.9506033818881974,0.9758392516850194,0.99553823
268,23,0.0,0.6232686980609411,4,1,0.8980853989075708,0.9753502762300769,0.7011793436058747,0.9967179079367954,0.8911012786049247,1.0693664004084154,0.9506033818881974,1.0115180628404,0.9955379
165,23,1.9,0.9025,4,0,0.18355142172525957,0.40490909377983264,0.6301997796496803,0.5142887670830575,0.8442752667485682,-0.07300063563820647,0.1509940048993087,-0.18948057053284817,0.0050648153
303,23,1.9,1.0,4,-1,-0.49809237416637,0.013892124372453796,0.6227589294291878,0.3532366308042411,0.8452793802170588,-0.7438011271531595,-0.723419665807885,-0.8777306884538272,-0.7392057
283,23,0.0,1.108033240997229,4,1,1.2124300675297754,1.1629989998217314,0.6604805687448911,0.8418290019624719,0.8732192570585319,0.9436720125812768,0.9506033818881974,1.1499572212231979,0.9961139
308,23,0.0,1.731301939058171,4,1,0.5823570130117347,0.7820764545414549,0.6584428188264295,0.7339116199376555,0.8832913802139821,0.9331583736761813,0.8917457976203744,0.9063315661904724,0.9959202
244,23,0.0,2.493074792243767,4,1,0.8552034032086822,0.7360418458696432,0.6584458279353573,0.7802010934483464,0.8888335479911174,1.0336729584280588,0.8903110758408288,0.9722662133636337,0.9955988
232,23,0.0,3.3933518005540164,4,1,0.6762345306066991,0.8204022703284429,0.658449506800627,0.8864813598842549,0.8962920445352516,1.0981530779951667,0.8903110758408288,1.038825388625282,0.9955385
159,23,1.9,3.61,4,0,0.543956477744679,0.5136046529448827,0.37189711197093456,0.5372351495169936,0.4849985528945534,-0.009047200403952793,0.20984225178673147,-0.072039134106308,-0.06421921
124,23,1.9,4.0,4,1,0.5055644138782612,0.1976991457376061,0.38266917995991034,0.22218086358108297,0.5705889580684074,1.0290997287680623,0.5532544378698221,0.8033316579194921,0.99590003
220,23,0.0,4.432132963988919,4,1,0.6339440390825999,0.9803800926254849,0.6584433858720229,1.0143608513437803,0.9049671223211878,0.9000245115101704,0.8903110758408288,0.6502022006868428,0.99553883
0,23,1.9,9.0,4,-1,-1.0779189169515235,-0.9299079405197997,-0.5916241096602688,-1.174121318989528,-1.0845802934599882,-1.0785487192826695,-0.6996753929578824,-0.5991032692655228,-0.7606673
148,26,0.0,0.0,2,0,0.11931503713183439,0.27337089786775887,0.6589572320439168,0.3851241705837767,0.48198706235411826,0.09723458304521682,0.2464382913654578,0.05533951551715328,0.20542029
313,26,2.05,0.0,2,1,0.8806857365098701,0.7242329724991841,0.6946631940119921,0.6115687025310231,0.5148560711014974,0.9595956578956075,0.9395014452740348,0.9693234924846973,0.96246254
275,26,2.05,0.0,4,1,0.8872804570901551,0.7567567099574802,0.6954263464376083,0.700896937146054,0.9021623591600886,1.036424738904489,0.9506033818881974,0.9693234924846973,0.9955381
337,26,0.0,0.05948839976204641,4,1,0.8498794777595083,0.739927262105772,0.688796824427435,0.7001898841877587,0.8940437615752833,0.8585646176813837,0.9506033818881974,0.9779911089062954,0.9956324
255,26,0.0,0.23795359904818505,4,1,0.8756288753090137,0.7624921078773489,0.6896962646509719,0.7108970864077815,0.8979679037496076,1.0042217119342096,0.9506033818881974,0.9785551332222888,0.9955373
205,26,0.0,0.5353955978584171,4,1,0.8982798795280252,0.964742521030308,0.698664870317836,0.9719158567126706,0.8889308595909979,1.0113191895735154,0.9506033818881974,1.151683753617992,0.99553716
150,26,0.0,0.951814396192742,4,1,0.9050776457588303,0.8497856349190871,0.6589481481133261,0.7498011814230856,0.8674470013390814,0.99515199345129,0.9506033818881974,0.9710969871422906,0.8458457
316,26,2.05,1.0,4,-1,-0.49889392083265316,-0.005634420564251896,0.6220424518358489,0.3304761639580597,0.8465420936321205,-0.7183999201736073,-0.723419665807885,-0.8777306884538272,-0.73999035
11,26,2.05,1.050625,4,0,0.1921506074845169,0.4125553963901129,0.6187386729243411,0.49633816895268446,0.8338224898993962,-0.09931756733680874,0.1509940048993087,-0.25760186915521177,-0.0873228
212,26,0.0,1.4872099940511598,4,1,0.8997584683136095,0.8082988203182553,0.6610130754867292,0.7418974049858478,0.882032810831484,0.8947505164401717,0.8903110758408288,0.8801966552371284,0.87664056
170,26,0.0,2.141582391433671,4,1,1.436000829509089,0.7685502096700463,0.658441365731235,0.7476658473443416,0.8856852351167718,0.9521597113761144,0.9491686601086518,0.9544620568681796,0.99587333
105,26,0.0,2.914931588340274,4,1,0.7388421450007693,0.7578890182256954,0.6584366983420189,0.8271018717483563,0.8922492482421057,1.0951098592337614,0.9506033818881974,0.9895801412565928,0.9955375
66,26,0.0,3.80725758477097,4,1,0.6237185401377802,0.883258209031392,0.6584384785245305,0.9376317798589813,0.8997373393975449,1.0498993420588532,0.9506033818881974,1.0272770619354343,0.99553883
149,26,2.05,4.0,4,1,0.7009281872255718,0.27855156941986764,0.3785406224184271,0.18014469433895386,0.5733555646669928,0.9644151493424529,0.5532544378698221,0.7432918589970051,0.94285953
110,26,2.05,4.2025,4,0,0.8914307276023663,0.4351276015482905,0.27960049865609193,0.3586798907026588,0.3493156981386795,0.034855228272781424,0.5532544378698221,-0.2736388871805399,-0.04550481
127,26,2.05,9.0,4,-1,-0.05322622155459733,-0.915542110750711,-0.5958925640621018,-1.1156699243551476,-1.0827855432797033,-1.0837296685090312,-0.6996753929578824,-0.5991032692655228,-0.7465285
178,27,0.0,0.0,2,0,0.11938641793587962,0.2734290941414496,0.6589689445491504,0.3851552704645439,0.4820007385703835,0.09754170945852092,0.2464382913654578,0.05533951551715328,0.20549366
334,27,2.1,0.0,2,1,0.8807342938399838,0.7237530550827164,0.6947448622566991,0.6110051465209003,0.5150207163147942,0.9621777948069932,0.9395014452740348,0.9693234924846973,0.9637481
135,27,2.1,0.0,4,1,0.8888210853448077,0.7574526777406623,0.6956285889682514,0.7009954961094573,0.9024416270253648,1.0422370029647565,0.9506033818881974,0.9693234924846973,0.9955381
37,27,0.0,0.056689342403628114,4,1,0.8493563793416519,0.739167377263551,0.6887678257858574,0.699586918110951,0.8940042126794613,0.8563903351416142,0.9506033818881974,0.9779911089062954,0.99563634
301,27,0.0,0.22675736961451198,4,1,0.873942313089723,0.7619365888865779,0.6896792677271778,0.7113445253768129,0.8976588897729811,0.9952479018556089,0.9506033818881974,0.9835423264895091,0.9955373
311,27,0.0,0.5102040816326531,4,1,0.8993757489736308,0.9626951402974016,0.6980535158812666,0.9656481843943763,0.8883858141368979,0.9938978644112408,0.9506033818881974,1.150791934055121,0.9955369
122,27,0.0,0.907029478458049,4,1,0.9019188101847637,0.8411073335634083,0.6590143591919032,0.7429730699273087,0.8673116173715474,0.9631833078598815,0.9506033818881974,0.9710969871422906,0.8245773
318,27,2.1,1.0,4,-1,-0.4972713041359317,-0.0073305163709248555,0.6224071640599276,0.3277854327439275,0.8473148841166773,-0.6992228614245279,-0.723419665807885,-0.8777306884538272,-0.73985815
237,27,2.1,1.1025,4,0,0.1968686755676506,0.4199333358303793,0.6152791899493156,0.49477418436115606,0.830435733136434,-0.09412892660169536,0.1509940048993087,-0.10760701397407091,-0.08984962
287,27,0.0,1.4172335600907031,4,1,0.8967593067153945,0.7927465787221974,0.6609010606101623,0.7306713237148913,0.8813590868797692,0.8512264167131063,0.8903110758408288,0.9032251373496502,0.84897685
204,27,0.0,2.040816326530612,4,1,1.3884325205802566,0.7447198543469473,0.6584416434059392,0.7343004701987182,0.8848550993597226,0.9184648347668825,0.9491686601086518,0.9544620568681796,0.9959773
181,27,0.0,2.777777777777777,4,1,0.7101280112207076,0.7352853158470809,0.6584380625491411,0.8102935855369399,0.8911071171098515,1.0815393131069753,0.9506033818881974,0.9895801412565928,0.99553716
317,27,0.0,3.628117913832199,4,1,1.0877702409458814,0.8559622478859092,0.6584486969562588,0.9155272377044541,0.8982481638605666,1.0762957640481714,0.8917457976203744,0.9742508979308953,0.9955387
230,27,2.1,4.0,4,1,0.7204217803576295,0.2888927603319383,0.37951733820985945,0.173301350446246,0.5760064601518702,0.9505958185446799,0.5532544378698221,0.7428891954373602,0.9013486
156,27,2.1,4.41,4,0,0.9205343365052895,0.36780807826020323,0.24574689317781578,0.27493676985355575,0.297512975199993,0.07987426254604468,0.5532544378698221,-0.5504506430074159,-0.032158494
196,27,2.1,9.0,4,-1,-0.21249650713234203,-0.9491547366653755,-0.5920885004008418,-1.0893569731934853,-1.0751964056510488,-1.0857712653207647,-0.6996753929578824,-0.5991032692655228,-0.74610245
119,28,0.0,0.0,2,0,0.11935720001175032,0.27369792827625444,0.6589802745873838,0.385458041251017,0.4819861282780301,0.0973515006308956,0.2464382913654578,0.05533951551715328,0.20680113
151,28,2.15,0.0,2,1,0.8826676892880878,0.7283408041008459,0.6948280426796032,0.6153297152536265,0.5147399558704921,0.9578291378798225,0.9395014452740348,0.9693234924846973,0.96489584
36,28,2.15,0.0,4,1,0.8925400372651686,0.7646847467301815,0.6958341673705433,0.7074753781259493,0.902137959848138,1.0393601918379316,0.9506033818881974,0.9693234924846973,0.9955381
195,28,0.0,0.054083288263926436,4,1,0.8497683663018363,0.7414833161503611,0.6887429264684721,0.701982445471538,0.8936977991139828,0.8497391351338477,0.9506033818881974,0.9779911089062954,0.9956503
162,28,0.0,0.21633315305570505,4,1,0.8684418745113208,0.7502582431782341,0.6896508118204896,0.700747390445598,0.898373157916724,1.0017065810780563,0.9506033818881974,0.9819653836297906,0.9955373
274,28,0.0,0.4867495943753381,4,1,0.9105732568738787,0.8218216295942009,0.6976065539844227,0.7722808871706064,0.9075391635604698,1.1727276139281484,0.9506033818881974,0.9692919893069311,0.9955387
48,28,0.0,0.8653326122228231,4,1,0.8951930455549114,0.8307050215426547,0.6590655795085156,0.7361266022661008,0.8671366770423266,0.9344940013587886,0.9506033818881974,0.9710969871422906,0.80385125
71,28,2.15,1.0,4,-1,-0.48690815238819873,0.01408336034322677,0.62278354757264,0.3481192811893619,0.8459637405033911,-0.7237739795205274,-0.723419665807885,-0.8777306884538272,-0.7392726
302,28,2.15,1.155625,4,0,0.19834820958650834,0.44429587870601733,0.6117205454459613,0.5172753105986219,0.824375234291278,-0.12583986244640943,0.1509940048993087,-0.16385172996526487,-0.12236169
307,28,0.0,1.3520822065981608,4,1,0.8928523011202225,0.7788493239567047,0.6608176510546964,0.7205892104199846,0.8807425634067038,0.8105157600848996,0.8903110758408288,1.0769080183052695,0.82242197
125,28,0.0,1.946998377501352,4,1,0.8833978363467994,0.7331926756997238,0.6584415997632581,0.7327165541903327,0.8839305148896301,0.8948390321202764,0.9506033818881974,0.9573851119496903,0.9960557
59,28,0.0,2.650081124932396,4,1,0.9101371175114061,0.7381583570607874,0.658445835690973,0.7975262909359047,0.8901024190135451,1.0630874960643437,0.8917457976203744,0.9657879753075589,0.9955367
273,28,0.0,3.4613304488912924,4,1,0.6823169843660258,0.8310123549805585,0.6584502597949167,0.8948273777273745,0.8968616375441364,1.0933346415206584,0.8903110758408288,1.0501671827623593,0.9955386
306,28,2.15,4.0,4,1,0.5492099478575537,0.27133452070932523,0.3799329761045346,0.21719834818249845,0.5700392359357357,1.0180530131646632,0.5532544378698221,0.6960600207118882,0.9959614
94,28,0.0,4.380746349378043,4,1,0.6267461599065134,0.9724269148886262,0.6584433447302914,1.0080408231778324,0.9045373756692581,0.9153298518792381,0.8903110758408288,0.6771276416377815,0.99553883
23,28,2.15,4.6225000000000005,4,0,0.2292387321626485,0.046499080211571564,0.20546457232431403,0.16936083139175667,0.22720756204273512,0.1000455510040501,0.5532544378698221,-0.591912761725957,-0.09674725
130,28,2.15,9.0,4,-1,-0.8504582108219679,-1.6365269185424394,-0.5992517902384922,-1.1008709625359776,-1.1000000000000005,-1.0947400723831084,-0.6996753929578824,-0.5991032692655228,-0.7527864
62,30,2.25,0.0,2,1,0.8831673975218779,0.728890285340546,0.6950052460843332,0.6157186534988789,0.5149466053604264,0.9611290858327477,0.9395014452740348,0.9693234924846973,0.9674896
123,30,0.0,0.0,2,0,0.11948365027147312,0.2738584133405982,0.6590011225793632,0.3855809223355249,0.4820037639357794,0.09777187813153443,0.2464382913654578,0.05533951551715328,0.20721912
90,30,2.25,0.0,4,1,0.8959889001519348,0.7678040529935499,0.6962612594245241,0.7094495112602341,0.9025596074493477,1.0490537675219853,0.9506033818881974,0.9693234924846973,0.99553823
241,30,0.0,0.04938271604938271,4,1,0.8491620438661452,0.7410323998371539,0.6887076698630981,0.7017784711120589,0.8935749042915212,0.8451001177004285,0.9506033818881974,0.9779911089062954,0.9956589
281,30,0.0,0.19753086419753,4,1,0.8659846356127048,0.7486472506965425,0.6895585710157536,0.700533945309656,0.8978704905651946,0.986265016506553,0.9506033818881974,0.9762613867332424,0.99553716
13,30,0.0,0.444444444444444,4,1,0.9054941549933335,0.8127022001214304,0.6963718309064804,0.7628235841037265,0.9059603717255408,1.1500769384846334,0.9506033818881974,0.9701352547884712,0.9955387
189,30,0.0,0.7901234567901231,4,1,0.8957545824758131,0.8197205932809133,0.6591611184196812,0.7256441110730284,0.8668823791236319,0.8792279832408694,0.9506033818881974,0.9862248543645558,0.7717587
50,30,2.25,1.0,4,-1,-0.4837383810619432,0.016289577583243342,0.6236263934097425,0.34921281826475215,0.8470231890683886,-0.6930167433443275,-0.723419665807885,-0.8777306884538272,-0.7388474
191,30,0.0,1.2345679012345678,4,1,1.2484861068534987,1.2007086007361645,0.6606500862789861,0.8662579663228804,0.874004760924587,1.023771805743837,0.9506033818881974,0.9132553715549816,0.99598217
278,30,2.25,1.265625,4,0,0.2086964571197354,0.46884475722088703,0.6044380148083613,0.5241602780348238,0.8161435183374834,-0.11048458849068954,0.1509940048993087,-0.07418430488259661,-0.15154597
16,30,0.0,1.7777777777777768,4,1,0.8754384888083186,0.698876223016838,0.6584419512988372,0.7096759330810336,0.88255341801754,0.8259700449091154,0.9506033818881974,0.9573851119496903,0.9534154
53,30,0.0,2.419753086419752,4,1,0.8304859750308575,0.7223762673439678,0.6584452915404974,0.7708853975676366,0.8882138124889447,1.017833570233793,0.8903110758408288,0.9617862506601842,0.9956478
219,30,0.0,3.160493827160493,4,1,0.7445063359363144,0.7837083414391051,0.6584363563047904,0.8574310357222159,0.8943180262172383,1.1049990601979571,0.9491686601086518,1.033396655554491,0.9955385
100,30,0.0,4.0,4,1,0.6573916166037543,0.9129995216225189,0.6584374347461476,0.9613751323886669,0.9013481716203278,1.0127071145552007,0.9506033818881974,1.2196307846161702,0.99553883
322,30,2.25,4.0,4,1,0.5744273901485165,0.27957821399290045,0.3821695568929019,0.21613391592558157,0.5734527479767698,1.0106348245897605,0.5532544378698221,0.7429429236019512,0.99603474
12,30,2.25,5.0625,4,0,-0.09754116407254554,-0.26008047777059007,0.11990260434589523,-0.09912507106058654,0.09085155496492747,0.09997858369293011,0.5532544378698221,-0.5991032692655228,-0.09288737
231,30,2.25,9.0,4,-1,-0.9939362720029791,-1.5711243596382194,-0.5923701959446446,-1.040279064058847,-1.0903622690212864,-1.0944416340993937,-0.6996753929578824,-0.5991032692655228,-0.75261164
167,31,0.0,0.0,2,0,0.11954329731543523,0.27393559054751315,0.6590110119723406,0.3856408736387765,0.4820119595775436,0.09796606118919282,0.2464382913654578,0.05533951551715328,0.20742345
214,31,2.3,0.0,2,1,0.8834305680584069,0.7292025096472603,0.6950997978876166,0.6159500948626198,0.5150544914627241,0.9628445259169593,0.9395014452740348,0.9693234924846973,0.9688705
114,31,2.3,0.0,4,1,0.8977341687048752,0.7694062464969138,0.6964834795777037,0.7104775254792897,0.9027783156864686,1.0540023455131005,0.9506033818881974,0.9693234924846973,0.99553835
277,31,0.0,0.04725897920604915,4,1,0.8488956251047515,0.7408436717407461,0.688698227645606,0.7016998533013895,0.8935268878397488,0.8431378009886172,0.9506033818881974,0.9779911089062954,0.9956622
265,31,0.0,0.189035916824196,4,1,0.8648197689617707,0.7478519241720616,0.689500720727114,0.7003673064340267,0.8976286105887227,0.9788872721404998,0.9506033818881974,0.9762613867332424,0.99553716
63,31,0.0,0.425330812854442,4,1,0.9027244367961993,0.8080796681094662,0.6957655330884773,0.758216956424304,0.9052084590228965,1.1383763137521212,0.9506033818881974,0.9701352547884712,0.9955386
103,31,0.0,0.7561436672967861,4,1,0.8946979130987323,0.8137361527561611,0.6592002635918554,0.7205567805182959,0.8667697917132257,0.852947665215086,0.9506033818881974,0.9862248543645558,0.756902
292,31,2.3,1.0,4,-1,-0.48195573217043364,0.01778474462581292,0.6240938262077248,0.35012584981187,0.8475813067335578,-0.6767208098210604,-0.723419665807885,-0.8777306884538272,-0.7386044
161,31,0.0,1.1814744801512291,4,1,1.227377048305617,1.18051892821518,0.6605798430200688,0.8545143085010305,0.8737189835399115,0.9878577964304922,0.9506033818881974,1.2439705840532331,0.99604475
2,31,2.3,1.322499999999999,4,0,0.21442598574855148,0.4824280277503594,0.6007054561232517,0.5285624742092735,0.8118151341393534,-0.09768314980503323,0.1509940048993087,-0.07486554306550995,-0.14978692
152,31,0.0,1.7013232514177692,4,1,0.5967076260957326,0.7772006124813282,0.6584427870237788,0.7297017811361866,0.8830195688108917,0.917857604951041,0.8917457976203744,0.9063315661904724,0.9959575
55,31,0.0,2.315689981096408,4,1,0.8162216238666067,0.7029796206249718,0.6584446780977166,0.7577027494866273,0.8873352218921119,0.9925318059074213,0.8903110758408288,0.9617862506601842,0.9957236
14,31,0.0,3.0245746691871465,4,1,0.7738684623877857,0.7626520529041727,0.6584376803471989,0.840773995345991,0.8931835846624419,1.1015874675891153,0.9491686601086518,1.033396655554491,0.995538
73,31,0.0,3.8279773156899823,4,1,0.6269443153815671,0.8864571934245967,0.6584383869453193,0.9401836060524993,0.8999105212698489,1.046325190903704,0.9506033818881974,1.0272770619354343,0.99553883
185,31,2.3,4.0,4,1,0.5846750929341452,0.2819889278808779,0.3834359652149647,0.21577643147494696,0.5752849251454848,1.0069712812054332,0.5532544378698221,0.7408595977850564,0.9960718
332,31,2.3,5.289999999999999,4,0,-0.36711341947989584,-0.46724292692488933,0.0710502971004251,-0.2739420747665602,0.012014801395529906,0.07903837860222929,0.5532544378698221,-0.5991032692655228,-0.14372382
248,31,2.3,9.0,4,-1,-1.1729744009596752,-1.512171985583028,-0.5886364114604266,-1.014869064098642,-1.0847305329694201,-1.0937176425957553,-0.6996753929578824,-0.5991032692655228,-0.7525681
43,32,0.0,0.0,2,0,0.11967967998627488,0.2740668171591678,0.65902244413381,0.3857283158656861,0.4820205714606727,0.09818433999110265,0.2464382913654578,0.05533951551715328,0.2077236
238,32,2.35,0.0,2,1,0.8828971397631771,0.7281693739537881,0.6950657763246555,0.6149952237628425,0.5150944262733275,0.9635586253723387,0.9395014452740348,0.9693234924846973,0.96830857
17,32,2.35,0.0,4,1,0.8982901885209587,0.7688458400552391,0.6964939180157645,0.7095663682366905,0.9028849935431276,1.0570348259487785,0.9506033818881974,0.9693234924846973,0.99553823
58,32,0.0,0.045269352648257134,4,1,0.8482911971368545,0.7398220233522325,0.6886024509617685,0.7008284464624689,0.8934375549629577,0.8404484862916091,0.9506033818881974,0.9787265779524743,0.99566925
7,32,0.0,0.18107741059302804,4,1,0.8664081887454386,0.7512693402408974,0.6898322420513096,0.7038019922220429,0.8976061633793114,0.9759037489443783,0.9506033818881974,0.9730745880518824,0.99553716
190,32,0.0,0.40742417383431395,4,1,0.9094114945792391,0.8205481313292563,0.6969282503545478,0.7693687790151569,0.9054378403212532,1.1407019427395566,0.9506033818881974,0.9701352547884712,0.9955387
10,32,0.0,0.724309642372114,4,1,0.8811825176097927,0.9653335961546359,0.702521317427396,1.0093567702103767,0.8927554501996533,1.1178586206672092,0.9506033818881974,0.9641742259077994,0.99553835
108,32,2.35,1.0,4,-1,-0.4888653484490154,0.007117966197613512,0.6235026667910346,0.3409775241264902,0.8475807613412756,-0.6801102858908452,-0.723419665807885,-0.8777306884538272,-0.7390156
282,32,0.0,1.1317338162064279,4,1,1.2261611975861755,1.1782478381167296,0.6605167558361053,0.8492652234825627,0.8732948693523938,0.9646814272158251,0.9506033818881974,1.1474929604318966,0.99607646
144,32,2.35,1.380625,4,0,0.22443389280954573,0.49641654721969586,0.5954924265150963,0.5256569453943726,0.8064339131477968,-0.100058158955048,0.1509940048993087,0.08351994045641029,-0.15030858
118,32,0.0,1.6296966953372571,4,1,0.6464202956325275,0.7658633892086673,0.658442724375568,0.7197348924116579,0.8823818533918015,0.8812491293518887,0.8917457976203744,0.9063315661904724,0.9960426
223,32,0.0,2.218198279764599,4,1,1.4863263311142,0.7873122053656347,0.6584410966784302,0.757935656086324,0.8863142789655204,0.975859282925458,0.9491686601086518,0.9560728088703667,0.99579096
183,32,0.0,2.897238569488456,4,1,0.7416527390595479,0.754898362575368,0.6584368778131179,0.8249334434251747,0.8921019594668608,1.0936776336266858,0.9506033818881974,0.9895801412565928,0.9955375
4,32,0.0,3.666817564508828,4,1,1.1071244936969302,0.861960201309269,0.6584491164820128,0.9202896583721338,0.8985720922674769,1.071274882940517,0.8917457976203744,0.9742508979308953,0.9955387
291,32,2.35,4.0,4,1,0.6679350452116849,0.2788722839781755,0.3811036609313555,0.19274350912583443,0.5747140745853198,0.9808288391419664,0.5532544378698221,0.7456945419040596,0.9660833
40,32,2.35,5.522500000000001,4,0,0.062214345495323675,-0.5241990830411013,0.012513621112323792,-0.4531876622342367,-0.08200178081691523,0.011159259886657225,-0.4924209861629625,-0.5991032692655228,-0.1970481
180,32,2.35,9.0,4,-1,-0.5611199157597596,-1.2182604525569465,-0.5931915292588885,-1.0083179539156006,-1.0895636922814704,-1.0950602800590596,-0.6996753929578824,-0.5991032692655228,-0.747357
270,34,0.0,0.0,2,0,0.11981478369285731,0.2742327113959944,0.6590416658349375,0.38585398154064976,0.48203590726044954,0.09854811675819075,0.2464382913654578,0.05533951551715328,0.20815033
304,34,2.45,0.0,2,1,0.8831199079928762,0.7282069744289671,0.6952053254219253,0.6149232889231475,0.515291451934096,0.9667341074897307,0.9395014452740348,0.9693234924846973,0.970297
93,34,2.45,0.0,4,1,0.9013946082932722,0.7711897249289728,0.696864307140844,0.7108183203932156,0.9032955794986424,1.0664455786489553,0.9506033818881974,0.9693234924846973,0.99553835
272,34,0.0,0.041649312786339016,4,1,0.8476299678187114,0.73902337376645,0.6885549609558047,0.700243350920762,0.8933544852197572,0.8370644228179627,0.9506033818881974,0.9787265779524743,0.99567604
271,34,0.0,0.16659725114535598,4,1,0.8646597241290512,0.7505362591404495,0.6897814317864194,0.7040781554940642,0.8972090353720208,0.9632634370203332,0.9506033818881974,0.9798288939550485,0.99553704
20,34,0.0,0.3748438150770511,4,1,0.9048830072278791,0.8145788959516675,0.6961090689553069,0.7636802614313136,0.904237672547458,1.119950072060976,0.9506033818881974,0.9758392516850194,0.9955386
84,34,0.0,0.6663890045814239,4,1,0.8907260675851778,0.9687893580406124,0.7013805969273935,0.9991134023012385,0.8916161669845479,1.0868921644486589,0.9506033818881974,0.9622722260883653,0.995538
263,34,2.45,1.0,4,-1,-0.48737916746476106,0.0062300011595457505,0.6240764630963713,0.3393010986438123,0.8485238337651202,-0.653237580117616,-0.723419665807885,-0.8777306884538272,-0.73874927
38,34,0.0,1.041232819658475,4,1,1.1927065164737982,1.1436974189355178,0.6604133875303284,0.8293531569586645,0.8727971567980555,0.9000258929058473,0.9506033818881974,0.9777896222358105,0.9724126
259,34,0.0,1.499375260308204,4,1,0.9104042522940539,0.809190147432298,0.6609691453792457,0.7426640044204356,0.8821314690908539,0.9000100224530057,0.8903110758408288,0.8801966552371284,0.8838233
33,34,2.45,1.500625,4,0,0.24083182316406032,0.5276144935025268,0.58690789642443,0.5330466017094991,0.7965145111752768,-0.06926933273072411,0.1509940048993087,0.1184679817613944,-0.1517776
321,34,0.0,2.040816326530612,4,1,1.3963175224062514,0.7451445156597746,0.6584416414452099,0.7343586064850129,0.8848544191848935,0.91850442943728,0.9491686601086518,0.9544620568681796,0.99597716
115,34,0.0,2.665556018325697,4,1,0.92377029962464,0.7410957777860516,0.6584459806250473,0.7994920356168636,0.8902330074348299,1.06548487279328,0.8917457976203744,0.9657879753075589,0.9955368
134,34,0.0,3.37359433569346,4,1,0.6726580450160963,0.8173203639166133,0.6584492883431896,0.8840551292067244,0.8961265057940575,1.0993133220806355,0.8903110758408288,1.038825388625282,0.9955385
209,34,2.45,4.0,4,1,0.6965238125287605,0.28110916295976135,0.38241802939097397,0.18384965266842856,0.577712300566871,0.9646251450667434,0.5532544378698221,0.7696107003037133,0.9223454
227,34,0.0,4.164931278633902,4,1,0.9565400430422979,0.9388785707074854,0.658439361059818,0.9815295956000959,0.9027307586476989,0.9741755062636939,0.9491686601086518,1.0500885765060988,0.99553883
279,34,2.45,9.0,4,-1,-0.993749720578963,-1.024539155539201,-0.5882695499302959,-0.9761039299756572,-1.079649313324138,-1.0926337206202101,-0.6996753929578824,-0.5991032692655228,-0.7462094
83,38,0.0,0.0,2,0,0.12006457820090566,0.2745578438529125,0.6590790559421357,0.3861032596400552,0.48206526646703707,0.09923206649075933,0.2464382913654578,0.05533951551715328,0.20898804
97,38,2.65,0.0,2,1,0.8837124959240328,0.7281395393704363,0.6954943324406474,0.6145563765699495,0.5157227452054233,0.973561721211996,0.9395014452740348,0.9693234924846973,0.97455466
133,38,2.65,0.0,4,1,0.9079625067829327,0.7758161761438054,0.6976256144288414,0.713097914692306,0.9041716651253315,1.0856509242790677,0.9506033818881974,0.9693234924846973,0.9955385
77,38,0.0,0.0355998576005696,4,1,0.8465822828879324,0.737383448108241,0.6884881305785792,0.6988823135918054,0.8932712269850561,0.8322771182193689,0.9506033818881974,0.9460100601417611,0.99568474
24,38,0.0,0.142399430402278,4,1,0.8609293076365645,0.7486704266308936,0.6896377626654094,0.7040703488113955,0.8965041346263933,0.9411820670827522,0.9506033818881974,0.9781577001456807,0.9955368
236,38,0.0,0.320398718405126,4,1,0.8932058436113841,0.801686627727403,0.6945315674738384,0.7527946006842878,0.9020259270212712,1.0800857967888815,0.9506033818881974,0.9758392516850194,0.9955385
106,38,0.0,0.5695977216091129,4,1,0.8944610132410378,0.9642376726262962,0.6991983127511268,0.9776404501813947,0.8895154978843304,1.0312865392770787,0.9506033818881974,1.151683753617992,0.9955374
211,38,0.0,0.8899964400142389,4,1,0.9033601112658942,0.8388916960598165,0.6590348248919325,0.7403820921410456,0.8672988868215246,0.9486156223109417,0.9506033818881974,0.9710969871422906,0.8173532
163,38,2.65,1.0,4,-1,-0.4801427410881077,0.006373224331665761,0.6253178571660862,0.33625646743294524,0.8505712430774033,-0.5981179644150503,-0.723419665807885,-0.8777306884538272,-0.73823786
99,38,0.0,1.2815948736205058,4,1,0.8934137542973144,0.763592217631486,0.6607061492786609,0.7093977745078693,0.8800737764672666,0.7649722892680186,0.8787382543840637,1.0881197616135,0.7949934
298,38,0.0,1.74439302242791,4,1,0.5565816241542569,0.7813520728622835,0.6584428315878758,0.7351490250887049,0.8833916165230753,0.9375162468504099,0.8917457976203744,0.9063315661904724,0.99591005
188,38,2.65,1.755625,4,0,0.2735117060285907,0.5868715890031084,0.5682258200633957,0.5479821921883498,0.7740938505492195,0.021096048327438943,0.1509940048993087,0.11952460274418474,-0.15577719
128,38,0.0,2.278390886436454,4,1,0.8042060173280752,0.6960381776878314,0.6584444829978311,0.7529777570631134,0.8870204009047813,0.9826610060530241,0.8903110758408288,0.9617862506601842,0.99575675
233,38,0.0,2.883588465646137,4,1,0.7301779866494105,0.7526932085419789,0.6584370611564112,0.8232631261863261,0.891988401279055,1.0925081344477006,0.9506033818881974,0.9895801412565928,0.9955375
331,38,0.0,3.559985760056959,4,1,1.063246670660679,0.8454068177674504,0.6584481050024931,0.9071428402778055,0.897678001584796,1.084183156665051,0.8917457976203744,0.9742508979308953,0.9955387
143,38,2.65,4.0,4,1,0.6977813622827049,0.2732921408820715,0.3850950916204514,0.16140253703941565,0.5840521970653858,0.9283639685976537,0.5532544378698221,0.7948190708025343,0.80550575
75,38,0.0,4.3075827696689215,4,1,0.6164624874255179,0.9611032860078796,0.6584432851360177,0.9990424956389672,0.903925507211573,0.9362876487617227,0.8903110758408288,0.6771276416377815,0.99553883
174,38,2.65,9.0,4,-1,-2.391291362827078,-0.9354458323371632,-0.5821883938920103,-0.992576113261974,-1.0610306846443103,-1.0931149412377479,-0.6996753929578824,-0.5991032692655228,-0.7478324
32,41,0.0,0.0,2,0,0.1202501410489511,0.27479537739743953,0.6591066698250392,0.38628799003777425,0.48208682041482775,0.09972281620445056,0.2464382913654578,0.05533951551715328,0.20959102
166,41,2.8,0.0,2,1,0.8840772325136466,0.7278966470895814,0.6957309260971806,0.614099216707662,0.516089358247964,0.9793107949363131,0.9395014452740348,0.9693234924846973,0.9780294
25,41,2.8,0.0,4,1,0.9127860021996648,0.7791133529866927,0.6982288118588281,0.714663593936729,0.9048842885830701,1.100684765616438,0.9506033818881974,0.9693234924846973,0.9955385
203,41,0.0,0.031887755102040824,4,1,0.845849267625869,0.7360579309234119,0.6884707038050731,0.6977359104361577,0.8932804155698557,0.8304241439986013,0.9506033818881974,0.9460100601417611,0.99568725
126,41,0.0,0.12755102040816302,4,1,0.8587987584888879,0.7472211568687384,0.6895115282413413,0.7036469352920159,0.8960642660971787,0.9270623963589086,0.9506033818881974,0.9915232878329467,0.9955367
82,41,0.0,0.28698979591836704,4,1,0.8864199449093053,0.7928980380555996,0.6934019622406455,0.7451382152376265,0.900550555274882,1.0508933961241693,0.9506033818881974,0.9774161945447379,0.99553823
78,41,0.0,0.5102040816326531,4,1,0.8992675079033328,0.9596683585275745,0.6976022560469892,0.9620051865041757,0.8881420601110412,0.9897510246700021,0.9506033818881974,1.1487124320466036,0.9955368
91,41,0.0,0.7971938775510201,4,1,0.9027269369456132,0.8247030646757292,0.6591542796179969,0.7273773147068603,0.8669708485730033,0.8817039115406855,0.9506033818881974,0.9855239743432677,0.77694285
229,41,2.8,1.0,4,-1,-0.4754488756943832,0.006548509166468985,0.6263753888772247,0.3342073229524072,0.8522487671441159,-0.5534769950029501,-0.723419665807885,-0.8777306884538272,-0.73780036
207,41,0.0,1.147959183673469,4,1,1.215427691197029,1.1680993869579193,0.6605308271794228,0.8471907688101907,0.8735293542275929,0.9648608912552445,0.9506033818881974,1.1409240054658785,0.99608314
146,41,0.0,1.5625,4,1,0.6781454477832985,0.7515992065959533,0.6584426740516142,0.7096147728115131,0.8817653052322357,0.8431070724991256,0.8917457976203744,0.905274945207682,0.99370134
297,41,2.8,1.959999999999999,4,0,0.31157065054677247,0.6360211880240979,0.5528439509672801,0.560439749184811,0.7549317712808268,0.10003421674679469,0.1509940048993087,0.11952460274418474,-0.15326384
142,41,0.0,2.040816326530612,4,1,1.3950306727958308,0.7446389268624604,0.6584416450943794,0.734309407167927,0.8848547808453424,0.9184786694234388,0.9491686601086518,0.9544620568681796,0.99597704
246,41,0.0,2.582908163265306,4,1,0.9085945909988182,0.7258679216166581,0.6584453800668434,0.7891187896896884,0.8895382057590637,1.0517981766445983,0.8917457976203744,0.9657879753075589,0.9955443
155,41,0.0,3.1887755102040822,4,1,0.7487142616167166,0.7880832477217145,0.6584359938554019,0.8608931126221439,0.8945538391751643,1.1050307893726368,0.9491686601086518,1.0642102541584761,0.9955385
28,41,0.0,3.858418367346939,4,1,0.6342471715012166,0.8911577740045113,0.658438240269481,0.9439324410489927,0.9001649597461822,1.0408851741655836,0.9506033818881974,1.0272770619354343,0.99553883
34,41,2.8,4.0,4,1,0.7332123044370826,0.27653606567039607,0.3876704298897058,0.14873255987376005,0.5894183188859798,0.9009317128590579,0.5532544378698221,0.7556081423315687,0.7175713
104,41,2.8,9.0,4,-1,-2.2129720342105585,-0.7971141001058416,-0.5744163792131676,-0.9907080627049184,-1.0439312948641981,-1.0971528167497662,-0.6996753929578824,-0.5991032692655228,-0.7517375
217,43,0.0,0.0,2,0,0.12036188510611645,0.27512549091648447,0.6591255172540736,0.38660531113001445,0.48208271191975616,0.09972593704758292,0.2464382913654578,0.0653411380344016,0.2108489
293,43,2.9,0.0,2,1,0.8852796007397162,0.7309209861221938,0.6958063989566081,0.6169542688034094,0.5159309492016136,0.9769956392521548,0.9395014452740348,0.9693234924846973,0.9790133
102,43,2.9,0.0,4,1,0.9168930228780348,0.7850136330972878,0.6984932833191285,0.719452595365454,0.9048249948883924,1.1029879175134623,0.9506033818881974,0.9693234924846973,0.9955385
120,43,0.0,0.029726516052318668,4,1,0.8461271133393062,0.737925963931954,0.6883778669259016,0.6996948904539665,0.8929311554933345,0.8230055228049222,0.9506033818881974,0.8767460307860634,0.9957043
86,43,0.0,0.11890606420927399,4,1,0.8576934035155437,0.7459417255860689,0.6895287905104376,0.7028038648928772,0.8959911286236755,0.9219667331008905,0.9506033818881974,0.9915232878329467,0.99553657
319,43,0.0,0.267538644470868,4,1,0.8808648465809031,0.7790769708397439,0.693182227193214,0.7315720837961903,0.901142482235875,1.053850855435047,0.9506033818881974,0.9758392516850194,0.9955381
139,43,0.0,0.4756242568370979,4,1,0.9203752714540949,0.83817749046792,0.698470773427003,0.7865064160001897,0.9072407285464191,1.1697947569294085,0.9506033818881974,0.9692919893069311,0.9955387
168,43,0.0,0.7431629013079659,4,1,0.8789950473978482,0.967222145444794,0.7031720764028515,1.0151131683064722,0.8933046218858487,1.1282246379129104,0.9506033818881974,0.8855178973030478,0.9955385
26,43,2.9,1.0,4,-1,-0.47178465079705345,0.016118008294065733,0.6263257063327738,0.34376494938608343,0.8512849387582733,-0.57073324406542,-0.723419665807885,-0.8777306884538272,-0.7375765
56,43,0.0,1.070154577883472,4,1,1.198884296311376,1.1521485760610712,0.6604525337457767,0.8348608955292851,0.8729869016291909,0.9192922479886247,0.9506033818881974,1.1316073768471833,0.98369706
250,43,0.0,1.456599286563614,4,1,0.907558382501479,0.8004177547465883,0.6609206219825234,0.7361895545108559,0.8817251905644143,0.8743929948344258,0.8903110758408288,0.8930065530980026,0.866379
320,43,0.0,1.902497027348395,4,1,0.8926306181552148,0.7243273493244329,0.6584417077534168,0.7265953848030875,0.8835695493250828,0.8774415501815467,0.9506033818881974,0.9573851119496903,0.9961029
290,43,2.9,2.1025,4,0,0.32658661082081164,0.6743858920029948,0.5401506879222207,0.5874980508853609,0.7361070009191505,0.1070981776023272,0.1509940048993087,0.12461533981091229,-0.15149054
243,43,0.0,2.4078478002378123,4,1,0.8300901719654128,0.7202513762314373,0.6584452162244817,0.7693818255018926,0.8881133509785236,1.0151050030872595,0.8903110758408288,0.9617862506601842,0.9956564
15,43,0.0,2.9726516052318672,4,1,0.7472513519608963,0.7674856003938699,0.6584360327161851,0.8341748063559764,0.8927296566931623,1.0991281709063285,0.9506033818881974,0.9895801412565928,0.99553776
249,43,0.0,3.5969084423305584,4,1,1.0763323523429547,0.8511259817651271,0.6584484224609622,0.911686851519415,0.8979869816509178,1.080060540401763,0.8917457976203744,0.9742508979308953,0.9955387
296,43,2.9,4.0,4,1,0.660088443569829,0.2569450001593529,0.38637882789397837,0.16534355857370509,0.5845299494481306,0.9352026040273342,0.5532544378698221,0.7659037607146039,0.8236278
42,43,0.0,4.280618311533889,4,1,0.6128346810200137,0.9569299593594915,0.6584432678309893,0.9957259549223794,0.9037000069458918,0.9437563143698098,0.8903110758408288,0.8546264024177509,0.99553883
54,43,2.9,9.0,4,-1,-1.7963028580994704,-1.0801453977281192,-0.5829312399448447,-1.0250299810744181,-1.064797971488558,-1.0962978292206977,-0.6996753929578824,-0.5991032692655228,-0.7505878
154,45,0.0,0.0,2,0,0.12052053225491277,0.27529792054888264,0.6591392962586831,0.3867289554459685,0.4820912521693831,0.09994968617540945,0.2464382913654578,0.0773766981645825,0.21128578
254,45,3.0,0.0,2,1,0.885524063807054,0.731054855429045,0.6959246057424225,0.6169711933373322,0.516091565543622,0.979554321595816,0.9395014452740348,0.9693234924846973,0.9807209
173,45,3.0,0.0,4,1,0.9204623733604813,0.7878697088884514,0.6988741726194123,0.7210971356209324,0.9052177087595172,1.1117628906513657,0.9506033818881974,0.9693234924846973,0.9955385
240,45,0.0,0.02777777777777777,4,1,0.8459028092716344,0.7374131203437991,0.6883432609633606,0.6992379251649721,0.8928896786154485,0.8211862008748083,0.9506033818881974,0.7671588748387498,0.99570787
284,45,0.0,0.111111111111111,4,1,0.856254481478481,0.7444712816973091,0.6893763013415855,0.7018853166470848,0.8957089153580442,0.9134789830151986,0.9506033818881974,0.9794687482082073,0.9955386
80,45,0.0,0.25,4,1,0.8758538977309605,0.7587807774642645,0.6897740876604698,0.7062149410816926,0.8987664529430922,1.020879348269463,0.9506033818881974,0.9769781903625703,0.9955374
224,45,0.0,0.444444444444444,4,1,0.9137500767244287,0.8305431467909717,0.6976168996672477,0.7798748670851943,0.9060740967281083,1.1533252871730637,0.9506033818881974,0.9701352547884712,0.9955387
336,45,0.0,0.6944444444444441,4,1,0.8784431514843443,0.959853871454667,0.7014315335101292,0.9992138809348965,0.8918515394317068,1.0999869401165538,0.9506033818881974,0.9641742259077994,0.9955381
179,45,0.0,1.0,4,1,0.9109270101457558,0.8605340497033307,0.6588658377109212,0.7573756021670979,0.8675992025621744,1.0278978563562076,0.9506033818881974,0.9135605647549981,0.8700812
226,45,3.0,1.0,4,-1,-0.4719734944079187,0.0076233259497775485,0.6256309691953214,0.33349873975805056,0.8513602146743217,-0.5690247161431445,-0.723419665807885,-0.8764851400758993,-0.7379972
8,45,0.0,1.36111111111111,4,1,0.8987609571934514,0.7817874592606006,0.6608236588726086,0.7221428478756369,0.8808319427638003,0.8168394602560793,0.8903110758408288,1.0769080183052695,0.8270396
187,45,0.0,1.7777777777777768,4,1,0.8722352269449685,0.6990343430700379,0.6584419501589341,0.7097240576867074,0.8825529231640409,0.8260086600931258,0.9506033818881974,0.9573851119496903,0.9533882
89,45,0.0,2.25,4,1,1.4774495212928782,0.7933331284607776,0.6584409826019612,0.7619575833207685,0.88657835376112,0.9850096879264951,0.9491686601086518,0.9560728088703667,0.9957614
228,45,3.0,2.25,4,0,0.3742643275697428,0.7009955825510311,0.5249596758371556,0.5805860083961599,0.7175512076429426,0.1028413616518149,0.1509940048993087,0.1262260918130994,-0.14534679
247,45,0.0,2.777777777777777,4,1,0.7079312584927828,0.7353538981042896,0.6584380568758896,0.8102920312399244,0.891107038726907,1.0815405464752983,0.9506033818881974,0.9895801412565928,0.99553716
136,45,0.0,3.36111111111111,4,1,0.6642774628770726,0.8153774903255766,0.6584491560629394,0.8825214627769682,0.896021961249103,1.099989754745553,0.8903110758408288,1.038825388625282,0.9955385
116,45,0.0,4.0,4,1,0.6583036893725068,0.9129993534472882,0.6584374270115174,0.9613751502198633,0.9013481690874153,1.0127071214474936,0.9506033818881974,1.2196307846161702,0.99553883
330,45,3.0,4.0,4,1,0.7580588753527326,0.27673910200351703,0.3824257217773071,0.13839121554077366,0.5831564386228849,0.8999859819782356,0.5532544378698221,0.630731274579536,0.74787986
289,45,3.0,9.0,4,-1,-0.7355588510941914,-0.8100533794334482,-0.5931599172784994,-1.0300952700014236,-1.0730714074812178,-1.1000368918821744,-0.6996753929578824,-0.5991032692655228,-0.7469913
